Genus,Pvalue,Odds ratio,95% confidence interval lower,95% confidence interval upper
Gallus,1.000,1.023,0.513,2.051
Homo,0.015,2.248,1.114,4.631
Anas,0.036,0.494,0.240,0.995
Lariscus,0.001,0.310,0.138,0.662
Coturnix,0.061,0.484,0.219,1.027
Aves,0.062,0.502,0.227,1.066
Sus,0.000,3.963,1.882,8.493
Tadorna,0.041,0.472,0.209,1.016
Alcelaphus,1.000,0.957,0.446,2.007
Sorex,1.000,0.985,0.423,2.212
Canis,0.287,0.665,0.291,1.452
Amaurornis,0.215,0.614,0.270,1.335
Phasianus,0.000,0.182,0.059,0.472
Bos,0.000,4.600,2.088,10.394
Columba,0.020,0.394,0.160,0.899
Microryzomys,0.000,0.160,0.046,0.441
Rupicapra,0.000,0.195,0.063,0.508
Rattus,0.851,0.897,0.387,1.998
Spilopelia,0.002,0.260,0.091,0.647
Casuarius,0.278,0.651,0.278,1.449
Nyctereutes,0.000,0.073,0.008,0.303
Rhizomys,0.001,0.193,0.047,0.588
Glis,0.192,0.482,0.150,1.323
Oryctolagus,0.105,0.446,0.153,1.145
Lepus,0.053,0.355,0.100,1.023
Ovis,0.000,5.092,2.143,12.631
Martes,0.242,0.497,0.137,1.484
Neomys,1.000,0.942,0.277,2.851
Dacelo,0.093,0.434,0.136,1.180
Crocidura,0.634,0.693,0.210,1.989
Eliomys,1.000,0.953,0.308,2.681
Felis,0.634,0.744,0.224,2.158
Panthera,0.428,1.496,0.455,4.659
Apodemus,0.215,0.445,0.104,1.463
Elephas,0.437,1.571,0.513,4.611
Capra,0.003,4.414,1.593,13.101
Erinaceus,0.808,1.201,0.407,3.318
Muntiacus,0.793,0.770,0.204,2.464
Mus,0.587,0.605,0.137,2.088
Anser,0.080,0.307,0.055,1.122
Microtus,0.390,0.488,0.085,1.916
Psittacus,0.081,0.328,0.059,1.210
Cairina,0.793,0.770,0.204,2.464
Axis,0.001,10.658,2.095,105.075
Arctonyx,0.148,0.292,0.031,1.364
Dryomys,0.507,0.438,0.045,2.223
Streptopelia,0.023,0.132,0.003,0.913
Vulpes,0.037,0.144,0.003,1.005
Bubalus,0.015,11.014,1.190,531.571
Gallinula,0.149,0.320,0.034,1.515
Myodes,0.665,0.402,0.008,3.717
Muscardinus,0.665,0.402,0.008,3.717
Praomys,0.275,0.282,0.006,2.286
Ursus,0.429,0.332,0.007,2.842
Paradoxurus,0.720,0.573,0.056,3.148
Prionailurus,0.665,0.402,0.008,3.717
Ailurus,0.507,0.438,0.045,2.223
Anourosorex,1.000,1.027,0.017,20.134
Arvicola,0.429,0.332,0.007,2.842
Suncus,1.000,0.506,0.010,5.277
Mammalia,0.477,1.687,0.321,8.198
Myotis,0.730,1.395,0.277,6.174
Hylomyscus,0.663,1.380,0.112,12.415
Hylobatidae,0.039,5.478,0.862,59.368
Hemiechinus,1.000,1.028,0.160,5.040
Manis,0.395,2.103,0.273,16.227
Mustela,0.005,13.475,1.572,632.443
Semnopithecus,0.429,0.332,0.007,2.842
Rodentia,0.718,1.244,0.186,6.669
Talpa,0.327,Inf,0.053,Inf
Rusa,0.001,Inf,2.572,Inf
Ara,0.718,1.244,0.186,6.669
Equus,0.395,2.103,0.273,16.227
Lichmera,0.275,0.282,0.006,2.286
Trachypithecus,0.250,4.183,0.213,250.824
Mareca,1.000,0.816,0.075,5.182
Arborophila,0.097,0.000,0.000,1.396
Odocoileus,0.015,11.014,1.190,531.571
Nephelomys,0.552,0.000,0.000,4.977
Bambusicola,0.179,0.000,0.000,1.721
Nannospalax,0.598,2.083,0.147,29.443
Mammuthus,0.332,3.174,0.353,39.059
Ziphius,0.011,Inf,1.398,Inf
Aythya,0.665,0.402,0.008,3.717
Accipiter,0.179,0.000,0.000,1.721
Geotrygon,0.665,0.402,0.008,3.717
Microcebus,0.665,0.402,0.008,3.717
Platycercus,0.174,0.000,0.000,2.224
Akodon,0.304,0.000,0.000,3.104
Aratinga,1.000,0.506,0.010,5.277
Francolinus,0.174,0.000,0.000,2.224
Marmosa,1.000,0.506,0.010,5.277
Mogera,1.000,0.680,0.013,8.695
Lasiurus,1.000,0.506,0.010,5.277
Sibirionetta,1.000,0.506,0.010,5.277
Cheirogaleus,1.000,0.680,0.013,8.695
Anseriformes,0.663,1.380,0.112,12.415
Falco,1.000,0.506,0.010,5.277
Meles,1.000,0.000,0.000,79.990
Chionomys,0.327,Inf,0.053,Inf
Marmota,0.598,2.083,0.147,29.443
Balaenoptera,1.000,0.000,0.000,10.959
Hyaena,1.000,0.000,0.000,79.990
Loxodonta,0.034,Inf,0.863,Inf
Typhlomys,1.000,0.680,0.013,8.695
Ectopistes,0.304,0.000,0.000,3.104
Mastomys,1.000,0.000,0.000,79.990
Ctenomys,0.304,0.000,0.000,3.104
Platanista,0.250,4.183,0.213,250.824
Apodiformes,0.552,0.000,0.000,4.977
Chaetodipus,1.000,1.027,0.017,20.134
Thomomys,0.598,2.083,0.147,29.443
Isoodon,1.000,0.680,0.013,8.695
Cygnus,1.000,0.680,0.013,8.695
Psittacula,0.304,0.000,0.000,3.104
Reithrodontomys,0.549,2.063,0.026,163.889
Sciurillus,1.000,0.000,0.000,79.990
Paguma,0.327,Inf,0.053,Inf
Carnivora,1.000,0.000,0.000,Inf
Phyllomys,0.552,0.000,0.000,4.977
Crossoptilon,0.552,0.000,0.000,4.977
Saguinus,1.000,0.000,0.000,Inf
Microperoryctes,0.552,0.000,0.000,4.977
Neofelis,1.000,0.000,0.000,Inf
Lagopus,0.552,0.000,0.000,4.977
Pavo,0.552,0.000,0.000,4.977
Tetrastes,0.552,0.000,0.000,4.977
Hystrix,0.549,2.063,0.026,163.889
Orthogeomys,1.000,1.027,0.017,20.134
Ozotoceros,0.552,0.000,0.000,4.977
Micoureus,1.000,1.027,0.017,20.134
Hydropotes,0.552,0.000,0.000,4.977
Spatula,1.000,1.027,0.017,20.134
Lycalopex,1.000,1.027,0.017,20.134
Fulmarus,0.552,0.000,0.000,4.977
Leopardus,1.000,0.000,0.000,10.959
Eospalax,1.000,1.027,0.017,20.134
Lophura,0.552,0.000,0.000,4.977
Petrogale,1.000,1.027,0.017,20.134
Grus,0.552,0.000,0.000,4.977
Spizaetus,0.549,2.063,0.026,163.889
Molossus,1.000,1.027,0.017,20.134
Chiroptera,1.000,1.027,0.017,20.134
Passeriformes,0.250,4.183,0.213,250.824
Mustelidae,1.000,0.000,0.000,Inf
Colomys,1.000,0.000,0.000,79.990
Crax,1.000,0.000,0.000,10.959
Melogale,1.000,0.000,0.000,10.959
Neophocaena,1.000,0.000,0.000,10.959
Dipodomys,1.000,0.000,0.000,10.959
Cebuella,1.000,0.000,0.000,Inf
Caloperdix,1.000,0.000,0.000,10.959
Turdus,1.000,0.000,0.000,10.959
Nanger,0.549,2.063,0.026,163.889
Platyrinchus,0.549,2.063,0.026,163.889
Tetraophasis,1.000,0.000,0.000,10.959
Eulipotyphla,1.000,0.000,0.000,10.959
Tetraogallus,1.000,0.000,0.000,10.959
Marmosops,1.000,0.000,0.000,10.959
Homotherium,1.000,0.000,0.000,10.959
Artibeus,1.000,0.000,0.000,10.959
Episoriculus,0.549,2.063,0.026,163.889
Tamias,1.000,0.000,0.000,79.990
Perameles,1.000,0.000,0.000,10.959
Phodopus,0.549,2.063,0.026,163.889
Zenaida,1.000,0.000,0.000,10.959
Hyosciurus,1.000,0.000,0.000,10.959
Clyomys,0.549,2.063,0.026,163.889
Pericrocotus,1.000,0.000,0.000,79.990
Pelecanus,1.000,0.000,0.000,10.959
Isothrix,1.000,0.000,0.000,10.959
Tinamus,1.000,0.000,0.000,79.990
Chroicocephalus,1.000,0.000,0.000,10.959
Hemiphaga,1.000,0.000,0.000,10.959
Macrotis,0.549,2.063,0.026,163.889
Antigone,1.000,0.000,0.000,10.959
Aselliscus,0.549,2.063,0.026,163.889
Heterogeomys,1.000,0.000,0.000,Inf
Heimyscus,1.000,0.000,0.000,Inf
Podiceps,1.000,0.000,0.000,79.990
Capromys,1.000,0.000,0.000,79.990
Uranomys,1.000,0.000,0.000,79.990
Plecturocebus,1.000,0.000,0.000,Inf
Buteo,1.000,0.000,0.000,79.990
Dicerorhinus,1.000,0.000,0.000,79.990
Colinus,1.000,0.000,0.000,79.990
Liomys,0.327,Inf,0.053,Inf
Lophophorus,1.000,0.000,0.000,79.990
Tamandua,1.000,0.000,0.000,Inf
Vanellus,1.000,0.000,0.000,79.990
Allenopithecus,1.000,0.000,0.000,Inf
Lepidothrix,1.000,0.000,0.000,79.990
Tursiops,1.000,0.000,0.000,79.990
Didelphis,1.000,0.000,0.000,Inf
Rhyncholestes,1.000,0.000,0.000,Inf
Gazella,1.000,0.000,0.000,Inf
Primates,1.000,0.000,0.000,79.990
Pterodroma,1.000,0.000,0.000,79.990
Herpestes,1.000,0.000,0.000,Inf
Uropsilus,1.000,0.000,0.000,Inf
Leiothrix,1.000,0.000,0.000,Inf
Mazama,1.000,0.000,0.000,Inf
Cephalophus,1.000,0.000,0.000,Inf
Ispidina,1.000,0.000,0.000,79.990
Murexechinus,1.000,0.000,0.000,79.990
Rhizomyinae,1.000,0.000,0.000,Inf
Antilope,1.000,0.000,0.000,Inf
Halichoerus,0.327,Inf,0.053,Inf
Heteromys,1.000,0.000,0.000,79.990
Neotomodon,1.000,0.000,0.000,79.990
Peromyscus,1.000,0.000,0.000,79.990
Ithaginis,1.000,0.000,0.000,79.990
Aethomyias,1.000,0.000,0.000,79.990
Phascomurexia,1.000,0.000,0.000,Inf
Moschus,1.000,0.000,0.000,79.990
Ornithorhynchus,1.000,0.000,0.000,79.990
Mergus,1.000,0.000,0.000,79.990
Ardea,1.000,0.000,0.000,79.990
Artisornis,1.000,0.000,0.000,79.990
Pipistrellus,0.327,Inf,0.053,Inf
Spilornis,1.000,0.000,0.000,79.990
Profelis,1.000,0.000,0.000,79.990
Molossops,0.549,2.063,0.026,163.889
Nyctinomops,0.549,2.063,0.026,163.889
Sylvisorex,0.327,Inf,0.053,Inf
Blarinella,1.000,1.027,0.017,20.134
Ratufa,1.000,0.000,0.000,79.990
Neophascogale,1.000,0.000,0.000,10.959
Neotoma,1.000,0.000,0.000,79.990
Ciconia,1.000,0.000,0.000,79.990
Icterus,0.549,2.063,0.026,163.889
Dama,0.549,2.063,0.026,163.889
Echymipera,1.000,0.000,0.000,79.990
Egretta,0.552,0.000,0.000,4.977
Fulica,1.000,0.000,0.000,79.990
Goura,1.000,0.000,0.000,10.959
Tragopan,1.000,0.000,0.000,79.990
Artiodactyla,0.250,4.183,0.213,250.824
Syrmaticus,1.000,0.000,0.000,10.959
Hirundo,1.000,0.000,0.000,79.990
Cercopithecus,1.000,0.000,0.000,79.990
Gavia,1.000,0.000,0.000,79.990
Symphalangus,0.327,Inf,0.053,Inf
Leptotila,1.000,0.000,0.000,10.959
Phoeniculus,1.000,0.000,0.000,Inf
Murina,1.000,1.027,0.017,20.134
Cyclopes,1.000,0.000,0.000,79.990
Hylomys,1.000,0.000,0.000,79.990
Netta,0.327,Inf,0.053,Inf
Nyctophilus,1.000,0.000,0.000,79.990
Pteronotus,1.000,0.000,0.000,79.990
Caluromys,1.000,0.000,0.000,79.990
Pucrasia,1.000,0.000,0.000,79.990
Caenolestes,1.000,0.000,0.000,10.959
Macropus,1.000,0.000,0.000,Inf
Mesechinus,1.000,0.000,0.000,79.990
Proechimys,1.000,1.027,0.017,20.134
Eothenomys,0.327,Inf,0.053,Inf
Bison,0.327,Inf,0.053,Inf
Dipodidae,1.000,0.000,0.000,79.990
Poliocrania,1.000,0.000,0.000,79.990
Polyplectron,1.000,0.000,0.000,79.990
Puma,1.000,0.000,0.000,79.990
Potorous,1.000,0.000,0.000,Inf
Phocoena,1.000,0.000,0.000,Inf
Campephilus,1.000,0.000,0.000,10.959
Eremitalpa,1.000,0.000,0.000,Inf
Cavia,1.000,0.000,0.000,79.990
Maxomys,0.327,Inf,0.053,Inf
Aethopyga,1.000,0.000,0.000,79.990
Hylobates,0.327,Inf,0.053,Inf
Suthora,1.000,0.000,0.000,79.990
Choeroniscus,1.000,0.000,0.000,79.990
Niviventer,1.000,0.000,0.000,Inf
Monodelphis,1.000,0.000,0.000,79.990
Antechinus,0.327,Inf,0.053,Inf
Ardeola,1.000,0.000,0.000,79.990
Callipepla,1.000,0.000,0.000,79.990
Pachylemur,0.327,Inf,0.053,Inf
Lynx,0.552,0.000,0.000,4.977
Cricetulus,1.000,0.000,0.000,79.990
Allocebus,0.549,2.063,0.026,163.889
Coraciiformes,1.000,0.000,0.000,79.990
Wyulda,1.000,0.000,0.000,79.990
Dactylopsila,0.549,2.063,0.026,163.889
Macaca,1.000,0.000,0.000,79.990
Mesoplodon,1.000,0.000,0.000,79.990
Tragelaphus,1.000,0.000,0.000,Inf
Orycteropus,1.000,0.000,0.000,Inf
Rhombomys,1.000,0.000,0.000,Inf
Camelus,1.000,0.000,0.000,79.990
Cuon,0.549,2.063,0.026,163.889
Spilogale,0.549,2.063,0.026,163.889
Conirostrum,1.000,0.000,0.000,Inf
Centropus,0.549,2.063,0.026,163.889
Trachops,1.000,0.000,0.000,79.990
Wiedomys,1.000,0.000,0.000,Inf
Pseudomys,1.000,0.000,0.000,Inf
Urotrichus,1.000,0.000,0.000,10.959
Tachybaptus,1.000,0.000,0.000,79.990
Acanthis,1.000,0.000,0.000,79.990
Alcedo,1.000,0.000,0.000,79.990
Callimico,0.327,Inf,0.053,Inf
Eudyptes,1.000,0.000,0.000,79.990
Habromys,0.327,Inf,0.053,Inf
Mirza,0.327,Inf,0.053,Inf
Spheniscus,1.000,0.000,0.000,79.990
Cynomys,1.000,0.000,0.000,Inf
Phoca,0.327,Inf,0.053,Inf
Chaetura,1.000,0.000,0.000,79.990
Echimys,1.000,0.000,0.000,79.990
Hylonycteris,1.000,0.000,0.000,79.990
Lyrurus,1.000,0.000,0.000,79.990
Phacochoerus,0.549,2.063,0.026,163.889
Raphicerus,1.000,0.000,0.000,79.990
Lepilemur,1.000,0.000,0.000,Inf
Chrysocyon,0.327,Inf,0.053,Inf
Orcaella,1.000,0.000,0.000,79.990
Branta,1.000,1.027,0.017,20.134
Sapajus,1.000,0.000,0.000,10.959
Cuculus,1.000,0.000,0.000,79.990
Didelphimorphia,0.549,2.063,0.026,163.889
Gallinago,1.000,0.000,0.000,79.990
Piliocolobus,1.000,0.000,0.000,79.990
Stercorarius,1.000,0.000,0.000,79.990
Sylvia,1.000,0.000,0.000,79.990
Thalassoica,1.000,0.000,0.000,10.959
Urocyon,0.327,Inf,0.053,Inf
Aix,0.327,Inf,0.053,Inf
Celeus,1.000,0.000,0.000,79.990
Conepatus,1.000,0.000,0.000,79.990
Pagodroma,1.000,0.000,0.000,79.990
Promops,1.000,0.000,0.000,79.990
Prunella,0.327,Inf,0.053,Inf
Ochotona,0.106,Inf,0.388,Inf
Rhynochetos,1.000,0.000,0.000,Inf
Tupaia,1.000,0.000,0.000,10.959
Oryx,0.327,Inf,0.053,Inf
Struthio,1.000,0.000,0.000,Inf
Oligoryzomys,0.327,Inf,0.053,Inf
Geomys,1.000,0.000,0.000,79.990
Pongo,0.327,Inf,0.053,Inf
Urocitellus,1.000,0.000,0.000,79.990
Trogon,1.000,0.000,0.000,79.990
Tragulus,1.000,0.000,0.000,Inf
Echinops,1.000,0.000,0.000,79.990
Lama,0.327,Inf,0.053,Inf
Myospalax,1.000,0.000,0.000,Inf
Arctocephalus,0.327,Inf,0.053,Inf
Alauda,0.327,Inf,0.053,Inf
Cacatua,1.000,0.000,0.000,79.990
Lycaon,0.327,Inf,0.053,Inf
Noctilio,0.327,Inf,0.053,Inf
Phylloscopus,1.000,0.000,0.000,79.990
Transandinomys,1.000,0.000,0.000,Inf
Leopoldamys,0.327,Inf,0.053,Inf
Spermophilus,1.000,0.000,0.000,79.990
Callithrix,1.000,0.000,0.000,79.990
Tamiops,0.327,Inf,0.053,Inf
Chiromyscus,1.000,0.000,0.000,79.990
Globicephala,1.000,0.000,0.000,10.959
Ictidomys,1.000,0.000,0.000,79.990
Myadestes,0.327,Inf,0.053,Inf
Numida,1.000,0.000,0.000,79.990
Pycnonotus,0.327,Inf,0.053,Inf
Gorilla,1.000,0.000,0.000,Inf
Plecotus,0.327,Inf,0.053,Inf
Mandrillus,1.000,0.000,0.000,Inf
Porphyrio,1.000,0.000,0.000,Inf
Chrysolophus,1.000,0.000,0.000,10.959
Diplogale,0.327,Inf,0.053,Inf
Madoqua,1.000,0.000,0.000,79.990
Nisaetus,0.327,Inf,0.053,Inf
Lagorchestes,1.000,0.000,0.000,Inf
Distoechurus,1.000,0.000,0.000,Inf
Tapirus,1.000,0.000,0.000,Inf
Butorides,1.000,0.000,0.000,Inf
Rhinoceros,1.000,0.000,0.000,Inf
Cynomops,1.000,0.000,0.000,Inf
Pattonomys,1.000,0.000,0.000,Inf
Procarduelis,1.000,0.000,0.000,Inf
Rostratula,1.000,0.000,0.000,Inf
Litocranius,1.000,0.000,0.000,Inf
Coendou,1.000,0.000,0.000,Inf
Spalax,1.000,0.000,0.000,Inf
Cervus,1.000,0.000,0.000,Inf
Pteropus,1.000,0.000,0.000,Inf
Petroica,1.000,0.000,0.000,Inf
Petaurista,1.000,0.000,0.000,Inf
Bettongia,1.000,0.000,0.000,Inf
Chimarrogale,1.000,0.000,0.000,Inf
Gymnomystax,1.000,0.000,0.000,Inf
Myocastor,1.000,0.000,0.000,Inf
Phoebastria,1.000,0.000,0.000,Inf
Trinomys,1.000,0.000,0.000,Inf
Micromys,1.000,0.000,0.000,Inf
Pan,1.000,0.000,0.000,Inf
Tarsius,1.000,0.000,0.000,Inf
Hylaeamys,1.000,0.000,0.000,Inf
Gracupica,1.000,0.000,0.000,Inf
Zalophus,1.000,0.000,0.000,Inf
Botaurus,1.000,0.000,0.000,Inf
Eozapus,1.000,0.000,0.000,Inf
Gallicrex,1.000,0.000,0.000,Inf
Gruiformes,1.000,0.000,0.000,Inf
Laonastes,1.000,0.000,0.000,Inf
Meleagris,1.000,0.000,0.000,Inf
Motacilla,1.000,0.000,0.000,Inf
Podargus,1.000,0.000,0.000,Inf
Synthliboramphus,1.000,0.000,0.000,Inf
Tympanoctomys,1.000,0.000,0.000,Inf
Pecari,1.000,0.000,0.000,Inf
Thylogale,1.000,0.000,0.000,Inf
Ixobrychus,1.000,0.000,0.000,Inf
Antidorcas,1.000,0.000,0.000,Inf
Bradypus,1.000,0.000,0.000,Inf
Lophocebus,1.000,0.000,0.000,Inf
Aptenodytes,1.000,0.000,0.000,Inf
Apus,1.000,0.000,0.000,Inf
Burhinus,1.000,0.000,0.000,Inf
Emeus,1.000,0.000,0.000,Inf
Fringilla,1.000,0.000,0.000,Inf
Pyrgilauda,1.000,0.000,0.000,Inf
Scolopax,1.000,0.000,0.000,Inf
Sturnella,1.000,0.000,0.000,Inf
Catopuma,1.000,0.000,0.000,Inf
Bandicota,1.000,0.000,0.000,Inf
Chiropotes,1.000,0.000,0.000,Inf
Eptesicus,1.000,0.000,0.000,Inf
Spinus,1.000,0.000,0.000,Inf
Bonasa,1.000,0.000,0.000,Inf
Capricornis,1.000,0.000,0.000,Inf
Chalcophaps,1.000,0.000,0.000,Inf
Civettictis,1.000,0.000,0.000,Inf
Geocapromys,1.000,0.000,0.000,Inf
Mionectes,1.000,0.000,0.000,Inf
Neusticomys,1.000,0.000,0.000,Inf
Oreotrochilus,1.000,0.000,0.000,Inf
Pilosa,1.000,0.000,0.000,Inf
Potamochoerus,1.000,0.000,0.000,Inf
Psittrichas,1.000,0.000,0.000,Inf
Pygoscelis,1.000,0.000,0.000,Inf
Procyon,1.000,0.000,0.000,Inf
Naemorhedus,1.000,0.000,0.000,Inf
Neodon,1.000,0.000,0.000,Inf
Meriones,1.000,0.000,0.000,Inf
Dasypus,1.000,0.000,0.000,Inf
Chrysochloris,1.000,0.000,0.000,Inf
Lagothrix,1.000,0.000,0.000,Inf
Heterocephalus,1.000,0.000,0.000,Inf
Elephantulus,1.000,0.000,0.000,Inf
Excalfactoria,1.000,0.000,0.000,Inf
Emberiza,1.000,0.000,0.000,Inf
Sicista,1.000,0.000,0.000,Inf
Nasua,1.000,0.000,0.000,Inf
Anthus,1.000,0.000,0.000,Inf
Bassariscus,1.000,0.000,0.000,Inf
Calidris,1.000,0.000,0.000,Inf
Caprimulgus,1.000,0.000,0.000,Inf
Ianthocincla,1.000,0.000,0.000,Inf
Mesocricetus,1.000,0.000,0.000,Inf
Ptilopachus,1.000,0.000,0.000,Inf
Sternula,1.000,0.000,0.000,Inf
Handleyomys,1.000,0.000,0.000,Inf
Thylamys,1.000,0.000,0.000,Inf
Anomalurus,1.000,0.000,0.000,Inf
Ptilinopus,1.000,0.000,0.000,Inf
Lemur,1.000,0.000,0.000,Inf
Aphelocoma,1.000,0.000,0.000,Inf
Argusianus,1.000,0.000,0.000,Inf
Brotogeris,1.000,0.000,0.000,Inf
Chauna,1.000,0.000,0.000,Inf
Chaerephon,1.000,0.000,0.000,Inf
Eulemur,1.000,0.000,0.000,Inf
Pusa,1.000,0.000,0.000,Inf
Myomyscus,1.000,0.000,0.000,Inf
Dugong,1.000,0.000,0.000,Inf
Cercocebus,1.000,0.000,0.000,Inf
Acryllium,1.000,0.000,0.000,Inf
Asio,1.000,0.000,0.000,Inf
Coracopsis,1.000,0.000,0.000,Inf
Corvus,1.000,0.000,0.000,Inf
Galliformes,1.000,0.000,0.000,Inf
Oriolus,1.000,0.000,0.000,Inf
Pardalotus,1.000,0.000,0.000,Inf
Pseudopodoces,1.000,0.000,0.000,Inf
Thryonomys,1.000,0.000,0.000,Inf
Connochaetes,1.000,0.000,0.000,Inf
Galemys,1.000,0.000,0.000,Inf
Rhinolophus,1.000,0.000,0.000,Inf
Chalinolobus,1.000,0.000,0.000,Inf
Ninox,1.000,0.000,0.000,Inf
Sundamys,1.000,0.000,0.000,Inf
Hippocamelus,1.000,0.000,0.000,Inf
Varecia,1.000,0.000,0.000,Inf
Aotus,1.000,0.000,0.000,Inf
Rucervus,1.000,0.000,0.000,Inf
Blastocerus,1.000,0.000,0.000,Inf
Miniopterus,1.000,0.000,0.000,Inf
Myrmotherula,1.000,0.000,0.000,Inf
Tachycineta,1.000,0.000,0.000,Inf
Alectura,1.000,0.000,0.000,Inf
Aquila,1.000,0.000,0.000,Inf
Drepanis,1.000,0.000,0.000,Inf
Dryobates,1.000,0.000,0.000,Inf
Eidolon,1.000,0.000,0.000,Inf
Euryzygomatomys,1.000,0.000,0.000,Inf
Mesomys,1.000,0.000,0.000,Inf
Neophema,1.000,0.000,0.000,Inf
Neoromicia,1.000,0.000,0.000,Inf
Perdix,1.000,0.000,0.000,Inf
Caracal,1.000,0.000,0.000,Inf
Otocolobus,1.000,0.000,0.000,Inf
Hippopotamus,1.000,0.000,0.000,Inf
Larus,1.000,0.000,0.000,Inf
Phoenicopterus,1.000,0.000,0.000,Inf
Cormura,1.000,0.000,0.000,Inf
Eumetopias,1.000,0.000,0.000,Inf
Lagostrophus,1.000,0.000,0.000,Inf
Delphinus,1.000,0.000,0.000,Inf
Gallirallus,1.000,0.000,0.000,Inf
Wallabia,1.000,0.000,0.000,Inf
Tlacuatzin,1.000,0.000,0.000,Inf
Tolypeutes,1.000,0.000,0.000,Inf
Odobenus,1.000,0.000,0.000,Inf
Cebus,1.000,0.000,0.000,Inf
Eudocimus,1.000,0.000,0.000,Inf
Balearica,1.000,0.000,0.000,Inf
Perognathus,1.000,0.000,0.000,Inf
Trichosurus,1.000,0.000,0.000,Inf
Indri,1.000,0.000,0.000,Inf
Thylacinus,1.000,0.000,0.000,Inf
Anseranas,1.000,0.000,0.000,Inf
Arenaria,1.000,0.000,0.000,Inf
Atherurus,1.000,0.000,0.000,Inf
Bubo,1.000,0.000,0.000,Inf
Calyptorhynchus,1.000,0.000,0.000,Inf
Cinnyris,1.000,0.000,0.000,Inf
Gerbilliscus,1.000,0.000,0.000,Inf
Manorina,1.000,0.000,0.000,Inf
Pandion,1.000,0.000,0.000,Inf
Pyrrhocoma,1.000,0.000,0.000,Inf
Sterna,1.000,0.000,0.000,Inf
Sturnus,1.000,0.000,0.000,Inf
Vampyressa,1.000,0.000,0.000,Inf
Pudu,1.000,0.000,0.000,Inf
Hapalemur,1.000,0.000,0.000,Inf
Sigmodon,1.000,0.000,0.000,Inf
Prolemur,1.000,0.000,0.000,Inf
Loris,1.000,0.000,0.000,Inf
Rousettus,1.000,0.000,0.000,Inf
Empidonax,1.000,0.000,0.000,Inf
Philantomba,1.000,0.000,0.000,Inf
Colobus,1.000,0.000,0.000,Inf
Delphininae,1.000,0.000,0.000,Inf
Hemitragus,1.000,0.000,0.000,Inf
Pappogeomys,1.000,0.000,0.000,Inf
Hylopetes,1.000,0.000,0.000,Inf
Gulo,1.000,0.000,0.000,Inf
Procapra,1.000,0.000,0.000,Inf
Charadrius,1.000,0.000,0.000,Inf
Dactylomys,1.000,0.000,0.000,Inf
Dives,1.000,0.000,0.000,Inf
Dysithamnus,1.000,0.000,0.000,Inf
Gerygone,1.000,0.000,0.000,Inf
Giraffa,1.000,0.000,0.000,Inf
Jacana,1.000,0.000,0.000,Inf
Leucogeranus,1.000,0.000,0.000,Inf
Linaria,1.000,0.000,0.000,Inf
Macronectes,1.000,0.000,0.000,Inf
Melopsittacus,1.000,0.000,0.000,Inf
Micromurexia,1.000,0.000,0.000,Inf
Phaethornis,1.000,0.000,0.000,Inf
Phoenicurus,1.000,0.000,0.000,Inf
Primolius,1.000,0.000,0.000,Inf
Salpornis,1.000,0.000,0.000,Inf
Sasia,1.000,0.000,0.000,Inf
Scarturus,1.000,0.000,0.000,Inf
Sitta,1.000,0.000,0.000,Inf
Somateria,1.000,0.000,0.000,Inf
Taeniopygia,1.000,0.000,0.000,Inf
Tinamiformes,1.000,0.000,0.000,Inf
Crocuta,1.000,0.000,0.000,Inf
Hipposideros,1.000,0.000,0.000,Inf
Erignathus,1.000,0.000,0.000,Inf
Fukomys,1.000,0.000,0.000,Inf
Anhinga,1.000,0.000,0.000,Inf
Metachirus,1.000,0.000,0.000,Inf
Capreolus,1.000,0.000,0.000,Inf
Pygathrix,1.000,0.000,0.000,Inf
Chinchilla,1.000,0.000,0.000,Inf
Eubalaena,1.000,0.000,0.000,Inf
Pteromys,1.000,0.000,0.000,Inf
Castor,1.000,0.000,0.000,Inf
Kerivoula,1.000,0.000,0.000,Inf
Delphinidae,1.000,0.000,0.000,Inf
Volemys,1.000,0.000,0.000,Inf
Pterorhinus,1.000,0.000,0.000,Inf
Cephalorhynchus,1.000,0.000,0.000,Inf
Alectoris,1.000,0.000,0.000,Inf
Cecropis,1.000,0.000,0.000,Inf
Cerdocyon,1.000,0.000,0.000,Inf
Cinclodes,1.000,0.000,0.000,Inf
Dephomys,1.000,0.000,0.000,Inf
Diplomys,1.000,0.000,0.000,Inf
Halcyon,1.000,0.000,0.000,Inf
Hemigalus,1.000,0.000,0.000,Inf
Leucosticte,1.000,0.000,0.000,Inf
Nesiotites,1.000,0.000,0.000,Inf
Nipponia,1.000,0.000,0.000,Inf
Oedistoma,1.000,0.000,0.000,Inf
Orthopsittaca,1.000,0.000,0.000,Inf
Otis,1.000,0.000,0.000,Inf
Paroreomyza,1.000,0.000,0.000,Inf
Pseudochirulus,1.000,0.000,0.000,Inf
Pseudois,1.000,0.000,0.000,Inf
Recurvirostra,1.000,0.000,0.000,Inf
Rhabdornis,1.000,0.000,0.000,Inf
Rhipidura,1.000,0.000,0.000,Inf
Smutsia,1.000,0.000,0.000,Inf
Speothos,1.000,0.000,0.000,Inf
Acinonyx,1.000,0.000,0.000,Inf
Epomophorus,1.000,0.000,0.000,Inf
Rhinopithecus,1.000,0.000,0.000,Inf
Kobus,1.000,0.000,0.000,Inf
Genetta,1.000,0.000,0.000,Inf
Megascops,1.000,0.000,0.000,Inf
Lonchura,1.000,0.000,0.000,Inf
Sciurus,1.000,0.000,0.000,Inf
Dasyurus,1.000,0.000,0.000,Inf
Helarctos,1.000,0.000,0.000,Inf
Notamacropus,1.000,0.000,0.000,Inf
Propithecus,1.000,0.000,0.000,Inf
Vicugna,1.000,0.000,0.000,Inf
Elaphodus,1.000,0.000,0.000,Inf
Galago,1.000,0.000,0.000,Inf
Melursus,1.000,0.000,0.000,Inf
Otolemur,1.000,0.000,0.000,Inf
Lutra,1.000,0.000,0.000,Inf
Picumnus,1.000,0.000,0.000,Inf
Syncerus,1.000,0.000,0.000,Inf
Lamprotornis,1.000,0.000,0.000,Inf
Acrobates,1.000,0.000,0.000,Inf
Aegypius,1.000,0.000,0.000,Inf
Agelasticus,1.000,0.000,0.000,Inf
Alle,1.000,0.000,0.000,Inf
Arctodus,1.000,0.000,0.000,Inf
Ducula,1.000,0.000,0.000,Inf
Eopsaltria,1.000,0.000,0.000,Inf
Helopsaltes,1.000,0.000,0.000,Inf
Idionycteris,1.000,0.000,0.000,Inf
Loxia,1.000,0.000,0.000,Inf
Makalata,1.000,0.000,0.000,Inf
Myiopsitta,1.000,0.000,0.000,Inf
Mysateles,1.000,0.000,0.000,Inf
Numenius,1.000,0.000,0.000,Inf
Ochetorhynchus,1.000,0.000,0.000,Inf
Pachyplichas,1.000,0.000,0.000,Inf
Parantechinus,1.000,0.000,0.000,Inf
Pardaliparus,1.000,0.000,0.000,Inf
Parus,1.000,0.000,0.000,Inf
Phascolarctos,1.000,0.000,0.000,Inf
Phlegopsis,1.000,0.000,0.000,Inf
Prinia,1.000,0.000,0.000,Inf
Saccopteryx,1.000,0.000,0.000,Inf
Troglodytes,1.000,0.000,0.000,Inf
Zaedyus,1.000,0.000,0.000,Inf
Budorcas,1.000,0.000,0.000,Inf
Centurio,1.000,0.000,0.000,Inf
Eudorcas,1.000,0.000,0.000,Inf
Macroscelides,1.000,0.000,0.000,Inf
Callosciurus,1.000,0.000,0.000,Inf
Hippotragus,1.000,0.000,0.000,Inf
Nymphicus,1.000,0.000,0.000,Inf
Lobodon,1.000,0.000,0.000,Inf
Tadarida,1.000,0.000,0.000,Inf
Chloris,1.000,0.000,0.000,Inf
Columbiformes,1.000,0.000,0.000,Inf
Alces,1.000,0.000,0.000,Inf
Echinosorex,1.000,0.000,0.000,Inf
Passer,1.000,0.000,0.000,Inf
Nannosciurus,1.000,0.000,0.000,Inf
Carpodacus,1.000,0.000,0.000,Inf
Lanius,1.000,0.000,0.000,Inf
Perodicticus,1.000,0.000,0.000,Inf
Dasyuroides,1.000,0.000,0.000,Inf
Tyto,1.000,0.000,0.000,Inf
Ammotragus,1.000,0.000,0.000,Inf
Acridotheres,1.000,0.000,0.000,Inf
Agapornis,1.000,0.000,0.000,Inf
Aphrodroma,1.000,0.000,0.000,Inf
Bombycilla,1.000,0.000,0.000,Inf
Busarellus,1.000,0.000,0.000,Inf
Calomys,1.000,0.000,0.000,Inf
Calyptophractus,1.000,0.000,0.000,Inf
Cricetus,1.000,0.000,0.000,Inf
Curaeus,1.000,0.000,0.000,Inf
Dermanura,1.000,0.000,0.000,Inf
Dorcopsis,1.000,0.000,0.000,Inf
Florisuga,1.000,0.000,0.000,Inf
Glauconycteris,1.000,0.000,0.000,Inf
Glossophaga,1.000,0.000,0.000,Inf
Haematopus,1.000,0.000,0.000,Inf
Heliornis,1.000,0.000,0.000,Inf
Ichthyaetus,1.000,0.000,0.000,Inf
Lichonycteris,1.000,0.000,0.000,Inf
Mimon,1.000,0.000,0.000,Inf
Notoryctes,1.000,0.000,0.000,Inf
Oreopsar,1.000,0.000,0.000,Inf
Oryzomys,1.000,0.000,0.000,Inf
Otus,1.000,0.000,0.000,Inf
Periparus,1.000,0.000,0.000,Inf
Phaethon,1.000,0.000,0.000,Inf
Pinicola,1.000,0.000,0.000,Inf
Platalea,1.000,0.000,0.000,Inf
Pteronura,1.000,0.000,0.000,Inf
Rhynchonycteris,1.000,0.000,0.000,Inf
Rubrisciurus,1.000,0.000,0.000,Inf
Malacomys,1.000,0.000,0.000,Inf
Mirounga,1.000,0.000,0.000,Inf
Sylviparus,1.000,0.000,0.000,Inf
Viverricula,1.000,0.000,0.000,Inf
Zosterops,1.000,0.000,0.000,Inf
Rhinophylla,1.000,0.000,0.000,Inf
Cynopterus,1.000,0.000,0.000,Inf
Sminthopsis,1.000,0.000,0.000,Inf
Carollia,1.000,0.000,0.000,Inf
Neotragus,1.000,0.000,0.000,Inf
Lipotes,1.000,0.000,0.000,Inf
Stenella,1.000,0.000,0.000,Inf
Leptonychotes,1.000,0.000,0.000,Inf
Eudyptula,1.000,0.000,0.000,Inf
Dremomys,1.000,0.000,0.000,Inf
Sarcophilus,1.000,0.000,0.000,Inf
Amazona,1.000,0.000,0.000,Inf
Nucifraga,1.000,0.000,0.000,Inf
Orcinus,1.000,0.000,0.000,Inf
Choloepus,1.000,0.000,0.000,Inf
Mungotictis,1.000,0.000,0.000,Inf
Arctictis,1.000,0.000,0.000,Inf
Procavia,1.000,0.000,0.000,Inf
Tscherskia,1.000,0.000,0.000,Inf
Enhydra,1.000,0.000,0.000,Inf
Hypsugo,1.000,0.000,0.000,Inf
Schiffornis,1.000,0.000,0.000,Inf
Daubentonia,1.000,0.000,0.000,Inf
Aethomys,1.000,0.000,0.000,Inf
Allocricetulus,1.000,0.000,0.000,Inf
Amblyramphus,1.000,0.000,0.000,Inf
Arabitragus,1.000,0.000,0.000,Inf
Artamus,1.000,0.000,0.000,Inf
Campylorhynchus,1.000,0.000,0.000,Inf
Cerradomys,1.000,0.000,0.000,Inf
Chlorophanes,1.000,0.000,0.000,Inf
Coscoroba,1.000,0.000,0.000,Inf
Eupsittula,1.000,0.000,0.000,Inf
Glaucidium,1.000,0.000,0.000,Inf
Heliodoxa,1.000,0.000,0.000,Inf
Heteromyias,1.000,0.000,0.000,Inf
Hippolais,1.000,0.000,0.000,Inf
Hylocharis,1.000,0.000,0.000,Inf
Hylophylax,1.000,0.000,0.000,Inf
Lewinia,1.000,0.000,0.000,Inf
Melamprosops,1.000,0.000,0.000,Inf
Miopithecus,1.000,0.000,0.000,Inf
Neopsittacus,1.000,0.000,0.000,Inf
Octodontomys,1.000,0.000,0.000,Inf
Patagioenas,1.000,0.000,0.000,Inf
Pelea,1.000,0.000,0.000,Inf
Pitta,1.000,0.000,0.000,Inf
Pogonomys,1.000,0.000,0.000,Inf
Prioniturus,1.000,0.000,0.000,Inf
Pyrrhura,1.000,0.000,0.000,Inf
Rallina,1.000,0.000,0.000,Inf
Styloctenium,1.000,0.000,0.000,Inf
Kogia,1.000,0.000,0.000,Inf
Pardofelis,1.000,0.000,0.000,Inf
Leptailurus,1.000,0.000,0.000,Inf
Nycticorax,1.000,0.000,0.000,Inf
Anoura,1.000,0.000,0.000,Inf
Nectogale,1.000,0.000,0.000,Inf
Dorcatragus,1.000,0.000,0.000,Inf
Megaladapis,1.000,0.000,0.000,Inf
Presbytis,1.000,0.000,0.000,Inf
Vespertilio,1.000,0.000,0.000,Inf
Caperea,1.000,0.000,0.000,Inf
Micrastur,1.000,0.000,0.000,Inf
Saimiri,1.000,0.000,0.000,Inf
Megaceryle,1.000,0.000,0.000,Inf
Taurotragus,1.000,0.000,0.000,Inf
Oreamnos,1.000,0.000,0.000,Inf
Dicrostonyx,1.000,0.000,0.000,Inf
Vampyrum,1.000,0.000,0.000,Inf
Cabassous,1.000,0.000,0.000,Inf
Balaena,1.000,0.000,0.000,Inf
Planigale,1.000,0.000,0.000,Inf
Nyctalus,1.000,0.000,0.000,Inf
Mephitis,1.000,0.000,0.000,Inf
Lonchophylla,1.000,0.000,0.000,Inf
Tachyglossus,1.000,0.000,0.000,Inf
Cystophora,1.000,0.000,0.000,Inf
Cratogeomys,1.000,0.000,0.000,Inf
Dendrohyrax,1.000,0.000,0.000,Inf
Kannabateomys,1.000,0.000,0.000,Inf
Rhabdomys,1.000,0.000,0.000,Inf
Tonatia,1.000,0.000,0.000,Inf
Garrulus,1.000,0.000,0.000,Inf
Montifringilla,1.000,0.000,0.000,Inf
Tangara,1.000,0.000,0.000,Inf
Thalassarche,1.000,0.000,0.000,Inf
Akialoa,1.000,0.000,0.000,Inf
Bucorvus,1.000,0.000,0.000,Inf
Callorhinus,1.000,0.000,0.000,Inf
Ceratopipra,1.000,0.000,0.000,Inf
Chlorodrepanis,1.000,0.000,0.000,Inf
Chrysomus,1.000,0.000,0.000,Inf
Coturnicops,1.000,0.000,0.000,Inf
Cyanistes,1.000,0.000,0.000,Inf
Dendrocygna,1.000,0.000,0.000,Inf
Dupetor,1.000,0.000,0.000,Inf
Eclectus,1.000,0.000,0.000,Inf
Eulabeornis,1.000,0.000,0.000,Inf
Forpus,1.000,0.000,0.000,Inf
Galeopterus,1.000,0.000,0.000,Inf
Haemorhous,1.000,0.000,0.000,Inf
Macroagelaius,1.000,0.000,0.000,Inf
Microrhopias,1.000,0.000,0.000,Inf
Myioborus,1.000,0.000,0.000,Inf
Myrmecophaga,1.000,0.000,0.000,Inf
Phalanger,1.000,0.000,0.000,Inf
Pseudonestor,1.000,0.000,0.000,Inf
Pyrrhula,1.000,0.000,0.000,Inf
Ramphotrigon,1.000,0.000,0.000,Inf
Rhea,1.000,0.000,0.000,Inf
Rhynchopsitta,1.000,0.000,0.000,Inf
Strigiformes,1.000,0.000,0.000,Inf
Uria,1.000,0.000,0.000,Inf
Zentrygon,1.000,0.000,0.000,Inf
Spalacopus,1.000,0.000,0.000,Inf
Dromiciops,1.000,0.000,0.000,Inf
Pseudoryx,1.000,0.000,0.000,Inf
Lagenorhynchus,1.000,0.000,0.000,Inf
Thomasomys,1.000,0.000,0.000,Inf
Neotetracus,1.000,0.000,0.000,Inf
Alouatta,1.000,0.000,0.000,Inf
Zelotomys,1.000,0.000,0.000,Inf
Vireo,1.000,0.000,0.000,Inf
Phocarctos,1.000,0.000,0.000,Inf
Chaetophractus,1.000,0.000,0.000,Inf
Prionodon,1.000,0.000,0.000,Inf
Soricinae,1.000,0.000,0.000,Inf
Neovison,1.000,0.000,0.000,Inf
Brachyphylla,1.000,0.000,0.000,Inf
Palaeopropithecus,1.000,0.000,0.000,Inf
Philander,1.000,0.000,0.000,Inf
Thraupis,1.000,0.000,0.000,Inf
Veniliornis,1.000,0.000,0.000,Inf
Sturnira,1.000,0.000,0.000,Inf
Lasiopodomys,1.000,0.000,0.000,Inf
Tringa,1.000,0.000,0.000,Inf
Grampus,1.000,0.000,0.000,Inf
Prosciurillus,1.000,0.000,0.000,Inf
Pseudocheirus,1.000,0.000,0.000,Inf
Cryptonanus,1.000,0.000,0.000,Inf
Oreotragus,1.000,0.000,0.000,Inf
Callospermophilus,1.000,0.000,0.000,Inf
Nycticebus,1.000,0.000,0.000,Inf
Rangifer,1.000,0.000,0.000,Inf
Myiarchus,1.000,0.000,0.000,Inf
Ovibos,1.000,0.000,0.000,Inf
Procnias,1.000,0.000,0.000,Inf
Sundasciurus,1.000,0.000,0.000,Inf
Penelope,1.000,0.000,0.000,Inf
Neacomys,1.000,0.000,0.000,Inf
Toromys,1.000,0.000,0.000,Inf
Micronycteris,1.000,0.000,0.000,Inf
Hydrurga,1.000,0.000,0.000,Inf
Damaliscus,1.000,0.000,0.000,Inf
Eudromia,1.000,0.000,0.000,Inf
Hoolock,1.000,0.000,0.000,Inf
Poecile,1.000,0.000,0.000,Inf
Andropadus,1.000,0.000,0.000,Inf
Bucanetes,1.000,0.000,0.000,Inf
Platyrrhinus,1.000,0.000,0.000,Inf
Scapanulus,1.000,0.000,0.000,Inf
Muridae,1.000,0.000,0.000,Inf
Brachyramphus,1.000,0.000,0.000,Inf
Ixos,1.000,0.000,0.000,Inf
Cathartes,1.000,0.000,0.000,Inf
Pantholops,1.000,0.000,0.000,Inf
Psammomys,1.000,0.000,0.000,Inf
Setophaga,1.000,0.000,0.000,Inf
Anomalopteryx,1.000,0.000,0.000,Inf
Bycanistes,1.000,0.000,0.000,Inf
Callicebus,1.000,0.000,0.000,Inf
Calliope,1.000,0.000,0.000,Inf
Ceryle,1.000,0.000,0.000,Inf
Chionis,1.000,0.000,0.000,Inf
Chironectes,1.000,0.000,0.000,Inf
Chloroceryle,1.000,0.000,0.000,Inf
Chloropsis,1.000,0.000,0.000,Inf
Chrysolampis,1.000,0.000,0.000,Inf
Cnemotriccus,1.000,0.000,0.000,Inf
Dasypterus,1.000,0.000,0.000,Inf
Dendrocincla,1.000,0.000,0.000,Inf
Dromaius,1.000,0.000,0.000,Inf
Dryocopus,1.000,0.000,0.000,Inf
Euphractus,1.000,0.000,0.000,Inf
Garrulax,1.000,0.000,0.000,Inf
Geococcyx,1.000,0.000,0.000,Inf
Gnorimopsar,1.000,0.000,0.000,Inf
Gorsachius,1.000,0.000,0.000,Inf
Gracilinanus,1.000,0.000,0.000,Inf
Heliomaster,1.000,0.000,0.000,Inf
Larvivora,1.000,0.000,0.000,Inf
Lonchothrix,1.000,0.000,0.000,Inf
Lophophanes,1.000,0.000,0.000,Inf
Macroglossus,1.000,0.000,0.000,Inf
Menura,1.000,0.000,0.000,Inf
Mesocapromys,1.000,0.000,0.000,Inf
Molothrus,1.000,0.000,0.000,Inf
Ommatophoca,1.000,0.000,0.000,Inf
Onychognathus,1.000,0.000,0.000,Inf
Peropteryx,1.000,0.000,0.000,Inf
Phalacrocorax,1.000,0.000,0.000,Inf
Pheugopedius,1.000,0.000,0.000,Inf
Pica,1.000,0.000,0.000,Inf
Pipra,1.000,0.000,0.000,Inf
Polysticta,1.000,0.000,0.000,Inf
Pterocles,1.000,0.000,0.000,Inf
Ramphastos,1.000,0.000,0.000,Inf
Rhabdotorrhinus,1.000,0.000,0.000,Inf
Selenidera,1.000,0.000,0.000,Inf
Spodiopsar,1.000,0.000,0.000,Inf
Stachyridopsis,1.000,0.000,0.000,Inf
Threskiornis,1.000,0.000,0.000,Inf
Tupaiidae,1.000,0.000,0.000,Inf
Urocissa,1.000,0.000,0.000,Inf
Xenothrix,1.000,0.000,0.000,Inf
Yuhina,1.000,0.000,0.000,Inf
Tachyoryctes,1.000,0.000,0.000,Inf
Feresa,1.000,0.000,0.000,Inf
Octodon,1.000,0.000,0.000,Inf
Blarina,1.000,0.000,0.000,Inf
Regulus,1.000,0.000,0.000,Inf
Coelodonta,1.000,0.000,0.000,Inf
Progne,1.000,0.000,0.000,Inf
Nasalis,1.000,0.000,0.000,Inf
Chlamyphorus,1.000,0.000,0.000,Inf
Amazilia,1.000,0.000,0.000,Inf
Megaderma,1.000,0.000,0.000,Inf
Poodytes,1.000,0.000,0.000,Inf
Eschrichtius,1.000,0.000,0.000,Inf
Cacajao,1.000,0.000,0.000,Inf
Archilochus,1.000,0.000,0.000,Inf
Colaptes,1.000,0.000,0.000,Inf
Piranga,1.000,0.000,0.000,Inf
Avahi,1.000,0.000,0.000,Inf
Ailuropoda,1.000,0.000,0.000,Inf
Crithagra,1.000,0.000,0.000,Inf
Geophaps,1.000,0.000,0.000,Inf
Acomys,1.000,0.000,0.000,Inf
Redunca,1.000,0.000,0.000,Inf
Ceratotherium,1.000,0.000,0.000,Inf
Megaerops,1.000,0.000,0.000,Inf
Monachus,1.000,0.000,0.000,Inf
Mystacina,1.000,0.000,0.000,Inf
Tetracerus,1.000,0.000,0.000,Inf
Lophostoma,1.000,0.000,0.000,Inf
Trichechus,1.000,0.000,0.000,Inf
Aegithalos,1.000,0.000,0.000,Inf
Euryoryzomys,1.000,0.000,0.000,Inf
Nyctibius,1.000,0.000,0.000,Inf
Pontoporia,1.000,0.000,0.000,Inf
Xiphorhynchus,1.000,0.000,0.000,Inf
Malurus,1.000,0.000,0.000,Inf
Stylodipus,1.000,0.000,0.000,Inf
Melanerpes,1.000,0.000,0.000,Inf
Rhynchocyon,1.000,0.000,0.000,Inf
Cardinalis,1.000,0.000,0.000,Inf
Todiramphus,1.000,0.000,0.000,Inf
Terpsiphone,1.000,0.000,0.000,Inf
Cynogale,1.000,0.000,0.000,Inf
Dendrolagus,1.000,0.000,0.000,Inf
Monodon,1.000,0.000,0.000,Inf
Okapia,1.000,0.000,0.000,Inf
Trochalopteron,1.000,0.000,0.000,Inf
Allactaga,1.000,0.000,0.000,Inf
Ficedula,1.000,0.000,0.000,Inf
Trichoglossus,1.000,0.000,0.000,Inf
Isthmomys,1.000,0.000,0.000,Inf
Oceanodroma,1.000,0.000,0.000,Inf
Pachycephala,1.000,0.000,0.000,Inf
Peroryctes,1.000,0.000,0.000,Inf
Elaphurus,1.000,0.000,0.000,Inf
Hesperoptenus,1.000,0.000,0.000,Inf
Peucaea,1.000,0.000,0.000,Inf
Priodontes,1.000,0.000,0.000,Inf
Pyrrhocorax,1.000,0.000,0.000,Inf
Saltator,1.000,0.000,0.000,Inf
Uroderma,1.000,0.000,0.000,Inf
Acrocephalus,1.000,0.000,0.000,Inf
Aegithina,1.000,0.000,0.000,Inf
Arremonops,1.000,0.000,0.000,Inf
Basileuterus,1.000,0.000,0.000,Inf
Caloenas,1.000,0.000,0.000,Inf
Campethera,1.000,0.000,0.000,Inf
Caprimulgiformes,1.000,0.000,0.000,Inf
Carterodon,1.000,0.000,0.000,Inf
Cassistrellus,1.000,0.000,0.000,Inf
Chordeiles,1.000,0.000,0.000,Inf
Chrotopterus,1.000,0.000,0.000,Inf
Chrysococcyx,1.000,0.000,0.000,Inf
Circus,1.000,0.000,0.000,Inf
Climacteris,1.000,0.000,0.000,Inf
Cnipodectes,1.000,0.000,0.000,Inf
Coloeus,1.000,0.000,0.000,Inf
Columbina,1.000,0.000,0.000,Inf
Copsychus,1.000,0.000,0.000,Inf
Cryptotis,1.000,0.000,0.000,Inf
Cyanocorax,1.000,0.000,0.000,Inf
Cyanopica,1.000,0.000,0.000,Inf
Cyanoptila,1.000,0.000,0.000,Inf
Epthianura,1.000,0.000,0.000,Inf
Euphagus,1.000,0.000,0.000,Inf
Gardnerycteris,1.000,0.000,0.000,Inf
Gyps,1.000,0.000,0.000,Inf
Henicorhina,1.000,0.000,0.000,Inf
Lagenodelphis,1.000,0.000,0.000,Inf
Laniarius,1.000,0.000,0.000,Inf
Laniocera,1.000,0.000,0.000,Inf
Loxops,1.000,0.000,0.000,Inf
Machlolophus,1.000,0.000,0.000,Inf
Melanitta,1.000,0.000,0.000,Inf
Metriopelia,1.000,0.000,0.000,Inf
Microcerculus,1.000,0.000,0.000,Inf
Moschiola,1.000,0.000,0.000,Inf
Nesoptilotis,1.000,0.000,0.000,Inf
Nyctyornis,1.000,0.000,0.000,Inf
Onychogalea,1.000,0.000,0.000,Inf
Onychostruthus,1.000,0.000,0.000,Inf
Pachyramphus,1.000,0.000,0.000,Inf
Pelecanoides,1.000,0.000,0.000,Inf
Peponocephala,1.000,0.000,0.000,Inf
Phapitreron,1.000,0.000,0.000,Inf
Philesturnus,1.000,0.000,0.000,Inf
Phragmacia,1.000,0.000,0.000,Inf
Piculus,1.000,0.000,0.000,Inf
Pionus,1.000,0.000,0.000,Inf
Platysteira,1.000,0.000,0.000,Inf
Poephila,1.000,0.000,0.000,Inf
Pomatorhinus,1.000,0.000,0.000,Inf
Poospiza,1.000,0.000,0.000,Inf
Porzana,1.000,0.000,0.000,Inf
Prosopeia,1.000,0.000,0.000,Inf
Psittacara,1.000,0.000,0.000,Inf
Psophia,1.000,0.000,0.000,Inf
Ramphocelus,1.000,0.000,0.000,Inf
Reinwardtipicus,1.000,0.000,0.000,Inf
Rhizothera,1.000,0.000,0.000,Inf
Rupicola,1.000,0.000,0.000,Inf
Strigocuscus,1.000,0.000,0.000,Inf
Thalasseus,1.000,0.000,0.000,Inf
Thinocorus,1.000,0.000,0.000,Inf
Tremarctos,1.000,0.000,0.000,Inf
Vespadelus,1.000,0.000,0.000,Inf
Sciuridae,1.000,0.000,0.000,Inf
Oecomys,1.000,0.000,0.000,Inf
Bubulcus,1.000,0.000,0.000,Inf
Vombatus,1.000,0.000,0.000,Inf
Berylmys,1.000,0.000,0.000,Inf
Acrocodia,1.000,0.000,0.000,Inf
Erythrocebus,1.000,0.000,0.000,Inf
Nomascus,1.000,0.000,0.000,Inf
Taxidea,1.000,0.000,0.000,Inf
Nandinia,1.000,0.000,0.000,Inf
Papio,1.000,0.000,0.000,Inf
Hesperiphona,1.000,0.000,0.000,Inf
Dicrurus,1.000,0.000,0.000,Inf
Diceros,1.000,0.000,0.000,Inf
Saiga,1.000,0.000,0.000,Inf
Lemniscomys,1.000,0.000,0.000,Inf
Tarsipes,1.000,0.000,0.000,Inf
Chlorocebus,1.000,0.000,0.000,Inf
Antilocapra,1.000,0.000,0.000,Inf
Addax,1.000,0.000,0.000,Inf
Hyperoodon,1.000,0.000,0.000,Inf
Dipus,1.000,0.000,0.000,Inf
Petaurus,1.000,0.000,0.000,Inf
Euchoreutes,1.000,0.000,0.000,Inf
Procolobus,1.000,0.000,0.000,Inf
Proedromys,1.000,0.000,0.000,Inf
Hirundinea,1.000,0.000,0.000,Inf
Strix,1.000,0.000,0.000,Inf
Physeter,1.000,0.000,0.000,Inf
Ateles,1.000,0.000,0.000,Inf
Steatomys,1.000,0.000,0.000,Inf
Cyanopsitta,1.000,0.000,0.000,Inf
Paramurexia,1.000,0.000,0.000,Inf
Leontopithecus,1.000,0.000,0.000,Inf
Inia,1.000,0.000,0.000,Inf
Paramelomys,1.000,0.000,0.000,Inf
Upupa,1.000,0.000,0.000,Inf
Myrmecobius,1.000,0.000,0.000,Inf
Simias,1.000,0.000,0.000,Inf
Willisornis,1.000,0.000,0.000,Inf
Theropithecus,1.000,0.000,0.000,Inf
Aepyceros,1.000,0.000,0.000,Inf
Berardius,1.000,0.000,0.000,Inf
Alcippe,1.000,0.000,0.000,Inf
Automolus,1.000,0.000,0.000,Inf
Hyemoschus,1.000,0.000,0.000,Inf
Limosa,1.000,0.000,0.000,Inf
Nycticeinops,1.000,0.000,0.000,Inf
Pseudoleistes,1.000,0.000,0.000,Inf
Przewalskium,1.000,0.000,0.000,Inf
Ectophylla,1.000,0.000,0.000,Inf
Attagis,1.000,0.000,0.000,Inf
Chiroderma,1.000,0.000,0.000,Inf
Scotophilus,1.000,0.000,0.000,Inf
Turnagra,1.000,0.000,0.000,Inf
Emballonura,1.000,0.000,0.000,Inf
Lepidocolaptes,1.000,0.000,0.000,Inf
Taphozous,1.000,0.000,0.000,Inf
Boselaphus,1.000,0.000,0.000,Inf
Brachyteles,1.000,0.000,0.000,Inf
Geothlypis,1.000,0.000,0.000,Inf
Jynx,1.000,0.000,0.000,Inf
Leucochloris,1.000,0.000,0.000,Inf
Mammut,1.000,0.000,0.000,Inf
Dendrocopos,1.000,0.000,0.000,Inf
Petauroides,1.000,0.000,0.000,Inf
Prosthemadera,1.000,0.000,0.000,Inf
Sylvicapra,1.000,0.000,0.000,Inf
Viverra,1.000,0.000,0.000,Inf
Heliothryx,1.000,0.000,0.000,Inf
Lathrotriccus,1.000,0.000,0.000,Inf
Megalonychidae,1.000,0.000,0.000,Inf
Olallamys,1.000,0.000,0.000,Inf
Piciformes,1.000,0.000,0.000,Inf
Synallaxis,1.000,0.000,0.000,Inf
Agelaioides,1.000,0.000,0.000,Inf
Arremon,1.000,0.000,0.000,Inf
Eurystomus,1.000,0.000,0.000,Inf
Neophoca,1.000,0.000,0.000,Inf
Nestor,1.000,0.000,0.000,Inf
Ourebia,1.000,0.000,0.000,Inf
Ploceus,1.000,0.000,0.000,Inf
Pteroglossus,1.000,0.000,0.000,Inf
Stachyris,1.000,0.000,0.000,Inf
Chamaeza,1.000,0.000,0.000,Inf
Charadriiformes,1.000,0.000,0.000,Inf
Desmodus,1.000,0.000,0.000,Inf
Microeca,1.000,0.000,0.000,Inf
Necromys,1.000,0.000,0.000,Inf
Scotoecus,1.000,0.000,0.000,Inf
Suidae,1.000,0.000,0.000,Inf
Thectocercus,1.000,0.000,0.000,Inf
Tregellasia,1.000,0.000,0.000,Inf
Aegotheles,1.000,0.000,0.000,Inf
Ailurops,1.000,0.000,0.000,Inf
Alca,1.000,0.000,0.000,Inf
Amazonetta,1.000,0.000,0.000,Inf
Ammodramus,1.000,0.000,0.000,Inf
Ammomanes,1.000,0.000,0.000,Inf
Anhima,1.000,0.000,0.000,Inf
Anous,1.000,0.000,0.000,Inf
Anthracoceros,1.000,0.000,0.000,Inf
Anthracothorax,1.000,0.000,0.000,Inf
Arachnothera,1.000,0.000,0.000,Inf
Arielulus,1.000,0.000,0.000,Inf
Atelornis,1.000,0.000,0.000,Inf
Bassaricyon,1.000,0.000,0.000,Inf
Bootherium,1.000,0.000,0.000,Inf
Brachygalba,1.000,0.000,0.000,Inf
Bucephala,1.000,0.000,0.000,Inf
Bunomys,1.000,0.000,0.000,Inf
Buteogallus,1.000,0.000,0.000,Inf
Calamanthus,1.000,0.000,0.000,Inf
Callonetta,1.000,0.000,0.000,Inf
Campylopterus,1.000,0.000,0.000,Inf
Caprinae,1.000,0.000,0.000,Inf
Capsiempis,1.000,0.000,0.000,Inf
Catharus,1.000,0.000,0.000,Inf
Cercartetus,1.000,0.000,0.000,Inf
Cercotrichas,1.000,0.000,0.000,Inf
Chlorocichla,1.000,0.000,0.000,Inf
Chlorostilbon,1.000,0.000,0.000,Inf
Claravis,1.000,0.000,0.000,Inf
Coccyzus,1.000,0.000,0.000,Inf
Coenocorypha,1.000,0.000,0.000,Inf
Coereba,1.000,0.000,0.000,Inf
Colibri,1.000,0.000,0.000,Inf
Contopus,1.000,0.000,0.000,Inf
Coracina,1.000,0.000,0.000,Inf
Corythaeola,1.000,0.000,0.000,Inf
Crex,1.000,0.000,0.000,Inf
Culicicapa,1.000,0.000,0.000,Inf
Cyanocompsa,1.000,0.000,0.000,Inf
Cyclarhis,1.000,0.000,0.000,Inf
Cyornis,1.000,0.000,0.000,Inf
Diaemus,1.000,0.000,0.000,Inf
Edolisoma,1.000,0.000,0.000,Inf
Emberizoides,1.000,0.000,0.000,Inf
Enicognathus,1.000,0.000,0.000,Inf
Eolophus,1.000,0.000,0.000,Inf
Erethizon,1.000,0.000,0.000,Inf
Eudynamys,1.000,0.000,0.000,Inf
Eulidia,1.000,0.000,0.000,Inf
Fregata,1.000,0.000,0.000,Inf
Garrodia,1.000,0.000,0.000,Inf
Geopelia,1.000,0.000,0.000,Inf
Glyphonycteris,1.000,0.000,0.000,Inf
Gracula,1.000,0.000,0.000,Inf
Graphiurus,1.000,0.000,0.000,Inf
Gymnopithys,1.000,0.000,0.000,Inf
Gymnoris,1.000,0.000,0.000,Inf
Haliaeetus,1.000,0.000,0.000,Inf
Himatione,1.000,0.000,0.000,Inf
Hippidion,1.000,0.000,0.000,Inf
Hoplomys,1.000,0.000,0.000,Inf
Hydromys,1.000,0.000,0.000,Inf
Hypocnemis,1.000,0.000,0.000,Inf
Indicator,1.000,0.000,0.000,Inf
Lagomorpha,1.000,0.000,0.000,Inf
Lasionycteris,1.000,0.000,0.000,Inf
Lasiorhinus,1.000,0.000,0.000,Inf
Lionycteris,1.000,0.000,0.000,Inf
Lophonetta,1.000,0.000,0.000,Inf
Lophotriorchis,1.000,0.000,0.000,Inf
Lymnocryptes,1.000,0.000,0.000,Inf
Macropygia,1.000,0.000,0.000,Inf
Macrotus,1.000,0.000,0.000,Inf
Melloria,1.000,0.000,0.000,Inf
Microbates,1.000,0.000,0.000,Inf
Myiothlypis,1.000,0.000,0.000,Inf
Myrmelastes,1.000,0.000,0.000,Inf
Niltava,1.000,0.000,0.000,Inf
Ningaui,1.000,0.000,0.000,Inf
Notiomystis,1.000,0.000,0.000,Inf
Nyctimene,1.000,0.000,0.000,Inf
Ocreatus,1.000,0.000,0.000,Inf
Oenanthe,1.000,0.000,0.000,Inf
Ondatra,1.000,0.000,0.000,Inf
Oreothlypis,1.000,0.000,0.000,Inf
Ortalis,1.000,0.000,0.000,Inf
Oxyura,1.000,0.000,0.000,Inf
Panurus,1.000,0.000,0.000,Inf
Parahydromys,1.000,0.000,0.000,Inf
Pauxi,1.000,0.000,0.000,Inf
Pedetes,1.000,0.000,0.000,Inf
Penelopides,1.000,0.000,0.000,Inf
Petronia,1.000,0.000,0.000,Inf
Pezoporus,1.000,0.000,0.000,Inf
Phaenostictus,1.000,0.000,0.000,Inf
Phalaropus,1.000,0.000,0.000,Inf
Phaps,1.000,0.000,0.000,Inf
Philentoma,1.000,0.000,0.000,Inf
Phimosus,1.000,0.000,0.000,Inf
Phyllostomus,1.000,0.000,0.000,Inf
Podoces,1.000,0.000,0.000,Inf
Podomys,1.000,0.000,0.000,Inf
Poecilotriccus,1.000,0.000,0.000,Inf
Poicephalus,1.000,0.000,0.000,Inf
Polioptila,1.000,0.000,0.000,Inf
Probosciger,1.000,0.000,0.000,Inf
Psilorhamphus,1.000,0.000,0.000,Inf
Ptyonoprogne,1.000,0.000,0.000,Inf
Pulsatrix,1.000,0.000,0.000,Inf
Pyrrholaemus,1.000,0.000,0.000,Inf
Quiscalus,1.000,0.000,0.000,Inf
Rallus,1.000,0.000,0.000,Inf
Remiz,1.000,0.000,0.000,Inf
Rhynchocyclus,1.000,0.000,0.000,Inf
Salpinctes,1.000,0.000,0.000,Inf
Santamartamys,1.000,0.000,0.000,Inf
Sericulus,1.000,0.000,0.000,Inf
Soriculus,1.000,0.000,0.000,Inf
Stigmatura,1.000,0.000,0.000,Inf
Strigops,1.000,0.000,0.000,Inf
Sturnia,1.000,0.000,0.000,Inf
Synaptomys,1.000,0.000,0.000,Inf
Tachyeres,1.000,0.000,0.000,Inf
Tachyphonus,1.000,0.000,0.000,Inf
Tamiasciurus,1.000,0.000,0.000,Inf
Telophorus,1.000,0.000,0.000,Inf
Thyroptera,1.000,0.000,0.000,Inf
Turacoena,1.000,0.000,0.000,Inf
Turtur,1.000,0.000,0.000,Inf
Tylonycteris,1.000,0.000,0.000,Inf
Tyrannulus,1.000,0.000,0.000,Inf
Vampyrodes,1.000,0.000,0.000,Inf
Vidua,1.000,0.000,0.000,Inf
Xerospermophilus,1.000,0.000,0.000,Inf
Zaglossus,1.000,0.000,0.000,Inf
Zapus,1.000,0.000,0.000,Inf
Euphonia,1.000,0.000,0.000,Inf
Phrygilus,1.000,0.000,0.000,Inf
Sicalis,1.000,0.000,0.000,Inf
Leptasthenura,1.000,0.000,0.000,Inf
Eonycteris,1.000,0.000,0.000,Inf
Traversia,1.000,0.000,0.000,Inf
Merops,1.000,0.000,0.000,Inf
Chlorophonia,1.000,0.000,0.000,Inf
Ototylomys,1.000,0.000,0.000,Inf
Aepyprymnus,1.000,0.000,0.000,Inf
Apteryx,1.000,0.000,0.000,Inf
Juliamyia,1.000,0.000,0.000,Inf
Allochrocebus,1.000,0.000,0.000,Inf
Macronus,1.000,0.000,0.000,Inf
Cheracebus,1.000,0.000,0.000,Inf
Alticola,1.000,0.000,0.000,Inf
Lenothrix,1.000,0.000,0.000,Inf
Tyrannus,1.000,0.000,0.000,Inf
Cannomys,1.000,0.000,0.000,Inf
Leggadina,1.000,0.000,0.000,Inf
Habia,1.000,0.000,0.000,Inf
Condylura,1.000,0.000,0.000,Inf
Andinomys,1.000,0.000,0.000,Inf
Procellaria,1.000,0.000,0.000,Inf
Beatragus,1.000,0.000,0.000,Inf
Corynorhinus,1.000,0.000,0.000,Inf
Phascogale,1.000,0.000,0.000,Inf
Spermophilopsis,1.000,0.000,0.000,Inf
Dacnis,1.000,0.000,0.000,Inf
Dendropicos,1.000,0.000,0.000,Inf
Juliomys,1.000,0.000,0.000,Inf
Ellobius,1.000,0.000,0.000,Inf
Hexaprotodon,1.000,0.000,0.000,Inf
Manacus,1.000,0.000,0.000,Inf
Melospiza,1.000,0.000,0.000,Inf
Myrmoderus,1.000,0.000,0.000,Inf
Calcarius,1.000,0.000,0.000,Inf
Cebinae,1.000,0.000,0.000,Inf
Petinomys,1.000,0.000,0.000,Inf
Phacellodomus,1.000,0.000,0.000,Inf
Tchagra,1.000,0.000,0.000,Inf
Chodsigoa,1.000,0.000,0.000,Inf
Leuconotopicus,1.000,0.000,0.000,Inf
Phaner,1.000,0.000,0.000,Inf
Plagiodontia,1.000,0.000,0.000,Inf
Pseudorca,1.000,0.000,0.000,Inf
Puffinus,1.000,0.000,0.000,Inf
Rynchops,1.000,0.000,0.000,Inf
Elasmotherium,1.000,0.000,0.000,Inf
Lophuromys,1.000,0.000,0.000,Inf
Harpiocephalus,1.000,0.000,0.000,Inf
Neomonachus,1.000,0.000,0.000,Inf
Smithornis,1.000,0.000,0.000,Inf
Solenodon,1.000,0.000,0.000,Inf
Tigrisoma,1.000,0.000,0.000,Inf
Chironax,1.000,0.000,0.000,Inf
Corythopis,1.000,0.000,0.000,Inf
Jaculus,1.000,0.000,0.000,Inf
Meiglyptes,1.000,0.000,0.000,Inf
Paruromys,1.000,0.000,0.000,Inf
Phataginus,1.000,0.000,0.000,Inf
Philetor,1.000,0.000,0.000,Inf
Semnornis,1.000,0.000,0.000,Inf
Trichys,1.000,0.000,0.000,Inf
Buceros,1.000,0.000,0.000,Inf
Camaroptera,1.000,0.000,0.000,Inf
Criniger,1.000,0.000,0.000,Inf
Delphinapterus,1.000,0.000,0.000,Inf
Eumops,1.000,0.000,0.000,Inf
Geronticus,1.000,0.000,0.000,Inf
Hymenolaimus,1.000,0.000,0.000,Inf
Megaptera,1.000,0.000,0.000,Inf
Mimus,1.000,0.000,0.000,Inf
Mitu,1.000,0.000,0.000,Inf
Nycticeius,1.000,0.000,0.000,Inf
Nyctomys,1.000,0.000,0.000,Inf
Origma,1.000,0.000,0.000,Inf
Smilodon,1.000,0.000,0.000,Inf
Sousa,1.000,0.000,0.000,Inf
Barbastella,1.000,0.000,0.000,Inf
Burramys,1.000,0.000,0.000,Inf
Falconiformes,1.000,0.000,0.000,Inf
Gallicolumba,1.000,0.000,0.000,Inf
Hylophilus,1.000,0.000,0.000,Inf
Laterallus,1.000,0.000,0.000,Inf
Leptopogon,1.000,0.000,0.000,Inf
Myiopagis,1.000,0.000,0.000,Inf
Myonycteris,1.000,0.000,0.000,Inf
Nectomys,1.000,0.000,0.000,Inf
Otomops,1.000,0.000,0.000,Inf
Sciurotamias,1.000,0.000,0.000,Inf
Trogoniformes,1.000,0.000,0.000,Inf
Aplonis,1.000,0.000,0.000,Inf
Asthenes,1.000,0.000,0.000,Inf
Baiomys,1.000,0.000,0.000,Inf
Calomyscus,1.000,0.000,0.000,Inf
Certhia,1.000,0.000,0.000,Inf
Chloephaga,1.000,0.000,0.000,Inf
Daphoenositta,1.000,0.000,0.000,Inf
Doedicurus,1.000,0.000,0.000,Inf
Exilisciurus,1.000,0.000,0.000,Inf
Hapalomys,1.000,0.000,0.000,Inf
Knipolegus,1.000,0.000,0.000,Inf
Leucocarbo,1.000,0.000,0.000,Inf
Lutrogale,1.000,0.000,0.000,Inf
Megastictus,1.000,0.000,0.000,Inf
Melanotis,1.000,0.000,0.000,Inf
Mniotilta,1.000,0.000,0.000,Inf
Muscisaxicola,1.000,0.000,0.000,Inf
Myiodynastes,1.000,0.000,0.000,Inf
Nycteris,1.000,0.000,0.000,Inf
Onychomys,1.000,0.000,0.000,Inf
Otidiphaps,1.000,0.000,0.000,Inf
Phenacomys,1.000,0.000,0.000,Inf
Picoides,1.000,0.000,0.000,Inf
Potos,1.000,0.000,0.000,Inf
Pseudantechinus,1.000,0.000,0.000,Inf
Psilopogon,1.000,0.000,0.000,Inf
Ptenochirus,1.000,0.000,0.000,Inf
Setonix,1.000,0.000,0.000,Inf
Sinosuthora,1.000,0.000,0.000,Inf
Sphyrapicus,1.000,0.000,0.000,Inf
Tarsiger,1.000,0.000,0.000,Inf
Agelaius,1.000,0.000,0.000,Inf
Amytornis,1.000,0.000,0.000,Inf
Ardenna,1.000,0.000,0.000,Inf
Brachiones,1.000,0.000,0.000,Inf
Camptostoma,1.000,0.000,0.000,Inf
Carduelis,1.000,0.000,0.000,Inf
Cepphus,1.000,0.000,0.000,Inf
Chilomys,1.000,0.000,0.000,Inf
Chiropodomys,1.000,0.000,0.000,Inf
Chlamydotis,1.000,0.000,0.000,Inf
Coeligena,1.000,0.000,0.000,Inf
Crotophaga,1.000,0.000,0.000,Inf
Crypturellus,1.000,0.000,0.000,Inf
Deltamys,1.000,0.000,0.000,Inf
Dinornis,1.000,0.000,0.000,Inf
Formicarius,1.000,0.000,0.000,Inf
Geokichla,1.000,0.000,0.000,Inf
Halmaheramys,1.000,0.000,0.000,Inf
Hyomys,1.000,0.000,0.000,Inf
Leiothlypis,1.000,0.000,0.000,Inf
Lonchorhina,1.000,0.000,0.000,Inf
Lorius,1.000,0.000,0.000,Inf
Malacopteron,1.000,0.000,0.000,Inf
Margarops,1.000,0.000,0.000,Inf
Melanomys,1.000,0.000,0.000,Inf
Microdipodops,1.000,0.000,0.000,Inf
Morus,1.000,0.000,0.000,Inf
Murexia,1.000,0.000,0.000,Inf
Muscicapa,1.000,0.000,0.000,Inf
Nomonyx,1.000,0.000,0.000,Inf
Onychoprion,1.000,0.000,0.000,Inf
Oreomystis,1.000,0.000,0.000,Inf
Osgoodomys,1.000,0.000,0.000,Inf
Phodilus,1.000,0.000,0.000,Inf
Phylloscartes,1.000,0.000,0.000,Inf
Phyllotis,1.000,0.000,0.000,Inf
Pipile,1.000,0.000,0.000,Inf
Pogoniulus,1.000,0.000,0.000,Inf
Prodotiscus,1.000,0.000,0.000,Inf
Rhynchotus,1.000,0.000,0.000,Inf
Sayornis,1.000,0.000,0.000,Inf
Scotinomys,1.000,0.000,0.000,Inf
Scytalopus,1.000,0.000,0.000,Inf
Spizella,1.000,0.000,0.000,Inf
Sporophila,1.000,0.000,0.000,Inf
Stenonycteris,1.000,0.000,0.000,Inf
Syndactyla,1.000,0.000,0.000,Inf
Thamnophilus,1.000,0.000,0.000,Inf
Thrichomys,1.000,0.000,0.000,Inf
Tolmomyias,1.000,0.000,0.000,Inf
Xenops,1.000,0.000,0.000,Inf
Zebrilus,1.000,0.000,0.000,Inf
Acanthisitta,1.000,0.000,0.000,Inf
Accipitriformes,1.000,0.000,0.000,Inf
Actenoides,1.000,0.000,0.000,Inf
Actinodura,1.000,0.000,0.000,Inf
Adelomyia,1.000,0.000,0.000,Inf
Aegolius,1.000,0.000,0.000,Inf
Aerodramus,1.000,0.000,0.000,Inf
Aethalops,1.000,0.000,0.000,Inf
Afrotis,1.000,0.000,0.000,Inf
Agropsar,1.000,0.000,0.000,Inf
Alophoixus,1.000,0.000,0.000,Inf
Amalocichla,1.000,0.000,0.000,Inf
Amphispiza,1.000,0.000,0.000,Inf
Anairetes,1.000,0.000,0.000,Inf
Anodorhynchus,1.000,0.000,0.000,Inf
Antechinomys,1.000,0.000,0.000,Inf
Anthornis,1.000,0.000,0.000,Inf
Antrozous,1.000,0.000,0.000,Inf
Anumbius,1.000,0.000,0.000,Inf
Apalis,1.000,0.000,0.000,Inf
Aphelocephala,1.000,0.000,0.000,Inf
Aramus,1.000,0.000,0.000,Inf
Arctotherium,1.000,0.000,0.000,Inf
Arizelocichla,1.000,0.000,0.000,Inf
Arundinicola,1.000,0.000,0.000,Inf
Asellia,1.000,0.000,0.000,Inf
Atelocynus,1.000,0.000,0.000,Inf
Athene,1.000,0.000,0.000,Inf
Atlantisia,1.000,0.000,0.000,Inf
Baeolophus,1.000,0.000,0.000,Inf
Balaeniceps,1.000,0.000,0.000,Inf
Balantiopteryx,1.000,0.000,0.000,Inf
Baryphthengus,1.000,0.000,0.000,Inf
Basilinna,1.000,0.000,0.000,Inf
Bauerus,1.000,0.000,0.000,Inf
Biziura,1.000,0.000,0.000,Inf
Bleda,1.000,0.000,0.000,Inf
Bolborhynchus,1.000,0.000,0.000,Inf
Brachypteracias,1.000,0.000,0.000,Inf
Brachypteryx,1.000,0.000,0.000,Inf
Bucco,1.000,0.000,0.000,Inf
Bulweria,1.000,0.000,0.000,Inf
Buphagus,1.000,0.000,0.000,Inf
Butastur,1.000,0.000,0.000,Inf
Cacomantis,1.000,0.000,0.000,Inf
Calandrella,1.000,0.000,0.000,Inf
Calliphlox,1.000,0.000,0.000,Inf
Callistomys,1.000,0.000,0.000,Inf
Calocitta,1.000,0.000,0.000,Inf
Camelops,1.000,0.000,0.000,Inf
Campylorhamphus,1.000,0.000,0.000,Inf
Cantorchilus,1.000,0.000,0.000,Inf
Capito,1.000,0.000,0.000,Inf
Caracara,1.000,0.000,0.000,Inf
Cardellina,1.000,0.000,0.000,Inf
Cardioderma,1.000,0.000,0.000,Inf
Ceblepyris,1.000,0.000,0.000,Inf
Centrocercus,1.000,0.000,0.000,Inf
Cercomacroides,1.000,0.000,0.000,Inf
Cerorhinca,1.000,0.000,0.000,Inf
Certhiasomus,1.000,0.000,0.000,Inf
Cettia,1.000,0.000,0.000,Inf
Chaetomys,1.000,0.000,0.000,Inf
Chalcomitra,1.000,0.000,0.000,Inf
Chenonetta,1.000,0.000,0.000,Inf
Chiroxiphia,1.000,0.000,0.000,Inf
Chlidonias,1.000,0.000,0.000,Inf
Choeronycteris,1.000,0.000,0.000,Inf
Chrysophlegma,1.000,0.000,0.000,Inf
Cinclocerthia,1.000,0.000,0.000,Inf
Cingulata,1.000,0.000,0.000,Inf
Cinnyricinclus,1.000,0.000,0.000,Inf
Circaetus,1.000,0.000,0.000,Inf
Cisticola,1.000,0.000,0.000,Inf
Cistothorus,1.000,0.000,0.000,Inf
Clangula,1.000,0.000,0.000,Inf
Coccothraustes,1.000,0.000,0.000,Inf
Cochlearius,1.000,0.000,0.000,Inf
Coelops,1.000,0.000,0.000,Inf
Coleura,1.000,0.000,0.000,Inf
Colius,1.000,0.000,0.000,Inf
Collocalia,1.000,0.000,0.000,Inf
Colluricincla,1.000,0.000,0.000,Inf
Conopophaga,1.000,0.000,0.000,Inf
Coracias,1.000,0.000,0.000,Inf
Coragyps,1.000,0.000,0.000,Inf
Corythornis,1.000,0.000,0.000,Inf
Cotinga,1.000,0.000,0.000,Inf
Creatophora,1.000,0.000,0.000,Inf
Crinifer,1.000,0.000,0.000,Inf
Cuculiformes,1.000,0.000,0.000,Inf
Cursorius,1.000,0.000,0.000,Inf
Cyanochen,1.000,0.000,0.000,Inf
Cyanocitta,1.000,0.000,0.000,Inf
Cyanoliseus,1.000,0.000,0.000,Inf
Cyanomitra,1.000,0.000,0.000,Inf
Cyanoramphus,1.000,0.000,0.000,Inf
Cymbilaimus,1.000,0.000,0.000,Inf
Cypseloides,1.000,0.000,0.000,Inf
Dacnomys,1.000,0.000,0.000,Inf
Daption,1.000,0.000,0.000,Inf
Dasycercus,1.000,0.000,0.000,Inf
Dasyprocta,1.000,0.000,0.000,Inf
Deconychura,1.000,0.000,0.000,Inf
Delichon,1.000,0.000,0.000,Inf
Dendrocolaptes,1.000,0.000,0.000,Inf
Dendrocoptes,1.000,0.000,0.000,Inf
Dendroplex,1.000,0.000,0.000,Inf
Deroptyus,1.000,0.000,0.000,Inf
Desmana,1.000,0.000,0.000,Inf
Diopsittaca,1.000,0.000,0.000,Inf
Diphylla,1.000,0.000,0.000,Inf
Donacospiza,1.000,0.000,0.000,Inf
Dorcopsulus,1.000,0.000,0.000,Inf
Drymophila,1.000,0.000,0.000,Inf
Dryoscopus,1.000,0.000,0.000,Inf
Dumetella,1.000,0.000,0.000,Inf
Dyacopterus,1.000,0.000,0.000,Inf
Echimyidae,1.000,0.000,0.000,Inf
Elaenia,1.000,0.000,0.000,Inf
Elminia,1.000,0.000,0.000,Inf
Elseyornis,1.000,0.000,0.000,Inf
Elvira,1.000,0.000,0.000,Inf
Embernagra,1.000,0.000,0.000,Inf
Empidonomus,1.000,0.000,0.000,Inf
Enicurus,1.000,0.000,0.000,Inf
Ensifera,1.000,0.000,0.000,Inf
Eolagurus,1.000,0.000,0.000,Inf
Eophona,1.000,0.000,0.000,Inf
Eos,1.000,0.000,0.000,Inf
Erythrogonys,1.000,0.000,0.000,Inf
Estrilda,1.000,0.000,0.000,Inf
Euchrepomis,1.000,0.000,0.000,Inf
Eumomota,1.000,0.000,0.000,Inf
Euodice,1.000,0.000,0.000,Inf
Eupherusa,1.000,0.000,0.000,Inf
Eurillas,1.000,0.000,0.000,Inf
Eurostopodus,1.000,0.000,0.000,Inf
Eurypyga,1.000,0.000,0.000,Inf
Falcipennis,1.000,0.000,0.000,Inf
Fratercula,1.000,0.000,0.000,Inf
Fulvetta,1.000,0.000,0.000,Inf
Furnarius,1.000,0.000,0.000,Inf
Galerida,1.000,0.000,0.000,Inf
Gelochelidon,1.000,0.000,0.000,Inf
Geocolaptes,1.000,0.000,0.000,Inf
Geositta,1.000,0.000,0.000,Inf
Gerbillus,1.000,0.000,0.000,Inf
Glaucis,1.000,0.000,0.000,Inf
Glischropus,1.000,0.000,0.000,Inf
Glyphorynchus,1.000,0.000,0.000,Inf
Grallaricula,1.000,0.000,0.000,Inf
Grallina,1.000,0.000,0.000,Inf
Grammomys,1.000,0.000,0.000,Inf
Graydidascalus,1.000,0.000,0.000,Inf
Guaruba,1.000,0.000,0.000,Inf
Gubernetes,1.000,0.000,0.000,Inf
Gymnorhina,1.000,0.000,0.000,Inf
Gymnorhinus,1.000,0.000,0.000,Inf
Haematortyx,1.000,0.000,0.000,Inf
Haliastur,1.000,0.000,0.000,Inf
Hapalopsittaca,1.000,0.000,0.000,Inf
Harpactes,1.000,0.000,0.000,Inf
Hedydipna,1.000,0.000,0.000,Inf
Hemiprocne,1.000,0.000,0.000,Inf
Hemispingus,1.000,0.000,0.000,Inf
Hemithraupis,1.000,0.000,0.000,Inf
Hemitriccus,1.000,0.000,0.000,Inf
Hemixos,1.000,0.000,0.000,Inf
Herpetotheres,1.000,0.000,0.000,Inf
Heteronetta,1.000,0.000,0.000,Inf
Heterophasia,1.000,0.000,0.000,Inf
Hieraaetus,1.000,0.000,0.000,Inf
Himantopus,1.000,0.000,0.000,Inf
Histriophoca,1.000,0.000,0.000,Inf
Horornis,1.000,0.000,0.000,Inf
Hydrobates,1.000,0.000,0.000,Inf
Hydrophasianus,1.000,0.000,0.000,Inf
Hydropsalis,1.000,0.000,0.000,Inf
Hylacola,1.000,0.000,0.000,Inf
Hylexetastes,1.000,0.000,0.000,Inf
Hylia,1.000,0.000,0.000,Inf
Hyliota,1.000,0.000,0.000,Inf
Hypositta,1.000,0.000,0.000,Inf
Hypsipetes,1.000,0.000,0.000,Inf
Ia,1.000,0.000,0.000,Inf
Icteria,1.000,0.000,0.000,Inf
Idiurus,1.000,0.000,0.000,Inf
Iduna,1.000,0.000,0.000,Inf
Indopacetus,1.000,0.000,0.000,Inf
Irena,1.000,0.000,0.000,Inf
Isleria,1.000,0.000,0.000,Inf
Junco,1.000,0.000,0.000,Inf
Kurochkinegramma,1.000,0.000,0.000,Inf
Leistes,1.000,0.000,0.000,Inf
Leporillus,1.000,0.000,0.000,Inf
Leptopterus,1.000,0.000,0.000,Inf
Leptotrygon,1.000,0.000,0.000,Inf
Lerwa,1.000,0.000,0.000,Inf
Leucophaeus,1.000,0.000,0.000,Inf
Liocichla,1.000,0.000,0.000,Inf
Lissodelphis,1.000,0.000,0.000,Inf
Lontra,1.000,0.000,0.000,Inf
Lophoceros,1.000,0.000,0.000,Inf
Lophodytes,1.000,0.000,0.000,Inf
Lophotriccus,1.000,0.000,0.000,Inf
Machaeropterus,1.000,0.000,0.000,Inf
Macrophyllum,1.000,0.000,0.000,Inf
Malacoptila,1.000,0.000,0.000,Inf
Marmaronetta,1.000,0.000,0.000,Inf
Mecocerculus,1.000,0.000,0.000,Inf
Megadyptes,1.000,0.000,0.000,Inf
Melanocorypha,1.000,0.000,0.000,Inf
Melanopareia,1.000,0.000,0.000,Inf
Meliphaga,1.000,0.000,0.000,Inf
Mergellus,1.000,0.000,0.000,Inf
Mesophylla,1.000,0.000,0.000,Inf
Metopidius,1.000,0.000,0.000,Inf
Microcarbo,1.000,0.000,0.000,Inf
Milvago,1.000,0.000,0.000,Inf
Milvus,1.000,0.000,0.000,Inf
Mirostrellus,1.000,0.000,0.000,Inf
Mitrephanes,1.000,0.000,0.000,Inf
Moho,1.000,0.000,0.000,Inf
Mohoua,1.000,0.000,0.000,Inf
Momotus,1.000,0.000,0.000,Inf
Monticola,1.000,0.000,0.000,Inf
Mormoops,1.000,0.000,0.000,Inf
Mulleripicus,1.000,0.000,0.000,Inf
Murinae,1.000,0.000,0.000,Inf
Mycteria,1.000,0.000,0.000,Inf
Myiobius,1.000,0.000,0.000,Inf
Myrmoborus,1.000,0.000,0.000,Inf
Myrmophylax,1.000,0.000,0.000,Inf
Myrmornis,1.000,0.000,0.000,Inf
Myrmothera,1.000,0.000,0.000,Inf
Nelsonia,1.000,0.000,0.000,Inf
Neochen,1.000,0.000,0.000,Inf
Neopelma,1.000,0.000,0.000,Inf
Neosericornis,1.000,0.000,0.000,Inf
Nesokia,1.000,0.000,0.000,Inf
Nesopsar,1.000,0.000,0.000,Inf
Nonnula,1.000,0.000,0.000,Inf
Notiochelidon,1.000,0.000,0.000,Inf
Notiosorex,1.000,0.000,0.000,Inf
Notopholia,1.000,0.000,0.000,Inf
Nycticryphes,1.000,0.000,0.000,Inf
Nyctipolus,1.000,0.000,0.000,Inf
Ochthoeca,1.000,0.000,0.000,Inf
Octomys,1.000,0.000,0.000,Inf
Odontophorus,1.000,0.000,0.000,Inf
Oena,1.000,0.000,0.000,Inf
Oreolais,1.000,0.000,0.000,Inf
Orientallactaga,1.000,0.000,0.000,Inf
Osphranter,1.000,0.000,0.000,Inf
Otonycteris,1.000,0.000,0.000,Inf
Pachycoccyx,1.000,0.000,0.000,Inf
Parastrellus,1.000,0.000,0.000,Inf
Pardirallus,1.000,0.000,0.000,Inf
Parkesia,1.000,0.000,0.000,Inf
Parvipsitta,1.000,0.000,0.000,Inf
Pelagodroma,1.000,0.000,0.000,Inf
Peltohyas,1.000,0.000,0.000,Inf
Pernis,1.000,0.000,0.000,Inf
Petrochelidon,1.000,0.000,0.000,Inf
Petrophassa,1.000,0.000,0.000,Inf
Phaenicophaeus,1.000,0.000,0.000,Inf
Phascolosorex,1.000,0.000,0.000,Inf
Phyllastrephus,1.000,0.000,0.000,Inf
Phyllomyias,1.000,0.000,0.000,Inf
Phyllops,1.000,0.000,0.000,Inf
Picathartes,1.000,0.000,0.000,Inf
Picus,1.000,0.000,0.000,Inf
Pinguinus,1.000,0.000,0.000,Inf
Pionites,1.000,0.000,0.000,Inf
Pionopsitta,1.000,0.000,0.000,Inf
Pithecophaga,1.000,0.000,0.000,Inf
Pithys,1.000,0.000,0.000,Inf
Plectrophenax,1.000,0.000,0.000,Inf
Pluvialis,1.000,0.000,0.000,Inf
Pluvianellus,1.000,0.000,0.000,Inf
Pnoepyga,1.000,0.000,0.000,Inf
Poliocephalus,1.000,0.000,0.000,Inf
Polytelis,1.000,0.000,0.000,Inf
Polytmus,1.000,0.000,0.000,Inf
Prionochilus,1.000,0.000,0.000,Inf
Proteles,1.000,0.000,0.000,Inf
Protemnodon,1.000,0.000,0.000,Inf
Protonotaria,1.000,0.000,0.000,Inf
Psephotellus,1.000,0.000,0.000,Inf
Psephotus,1.000,0.000,0.000,Inf
Pseudopipra,1.000,0.000,0.000,Inf
Pseudorectes,1.000,0.000,0.000,Inf
Pseudoseisura,1.000,0.000,0.000,Inf
Psilopsiagon,1.000,0.000,0.000,Inf
Psilorhinus,1.000,0.000,0.000,Inf
Psittaciformes,1.000,0.000,0.000,Inf
Psittaculirostris,1.000,0.000,0.000,Inf
Psittiparus,1.000,0.000,0.000,Inf
Pternistis,1.000,0.000,0.000,Inf
Pteronetta,1.000,0.000,0.000,Inf
Ptilonorhynchus,1.000,0.000,0.000,Inf
Ptilotula,1.000,0.000,0.000,Inf
Ptychoramphus,1.000,0.000,0.000,Inf
Purpureicephalus,1.000,0.000,0.000,Inf
Pycnonotidae,1.000,0.000,0.000,Inf
Pyrilia,1.000,0.000,0.000,Inf
Pyrocephalus,1.000,0.000,0.000,Inf
Querula,1.000,0.000,0.000,Inf
Ramphocinclus,1.000,0.000,0.000,Inf
Rhagologus,1.000,0.000,0.000,Inf
Rhipidomys,1.000,0.000,0.000,Inf
Rhodinocichla,1.000,0.000,0.000,Inf
Riparia,1.000,0.000,0.000,Inf
Sagittarius,1.000,0.000,0.000,Inf
Salpingotus,1.000,0.000,0.000,Inf
Saltatricula,1.000,0.000,0.000,Inf
Sarcogyps,1.000,0.000,0.000,Inf
Saxicola,1.000,0.000,0.000,Inf
Sceloglaux,1.000,0.000,0.000,Inf
Schetba,1.000,0.000,0.000,Inf
Schistes,1.000,0.000,0.000,Inf
Seiurus,1.000,0.000,0.000,Inf
Selasphorus,1.000,0.000,0.000,Inf
Sericornis,1.000,0.000,0.000,Inf
Setopagis,1.000,0.000,0.000,Inf
Sholicola,1.000,0.000,0.000,Inf
Sialia,1.000,0.000,0.000,Inf
Sigmodontinae,1.000,0.000,0.000,Inf
Sooretamys,1.000,0.000,0.000,Inf
Spelaeornis,1.000,0.000,0.000,Inf
Spilocuscus,1.000,0.000,0.000,Inf
Spizixos,1.000,0.000,0.000,Inf
Stactolaema,1.000,0.000,0.000,Inf
Stelgidopteryx,1.000,0.000,0.000,Inf
Stephanorhinus,1.000,0.000,0.000,Inf
Stiltia,1.000,0.000,0.000,Inf
Stizorhina,1.000,0.000,0.000,Inf
Sublegatus,1.000,0.000,0.000,Inf
Sula,1.000,0.000,0.000,Inf
Suliformes,1.000,0.000,0.000,Inf
Surnia,1.000,0.000,0.000,Inf
Talpidae,1.000,0.000,0.000,Inf
Taraba,1.000,0.000,0.000,Inf
Terenotriccus,1.000,0.000,0.000,Inf
Tetrao,1.000,0.000,0.000,Inf
Thalurania,1.000,0.000,0.000,Inf
Thamnistes,1.000,0.000,0.000,Inf
Thinornis,1.000,0.000,0.000,Inf
Tockus,1.000,0.000,0.000,Inf
Torgos,1.000,0.000,0.000,Inf
Touit,1.000,0.000,0.000,Inf
Toxostoma,1.000,0.000,0.000,Inf
Treron,1.000,0.000,0.000,Inf
Triaenops,1.000,0.000,0.000,Inf
Trichastoma,1.000,0.000,0.000,Inf
Trugon,1.000,0.000,0.000,Inf
Turnix,1.000,0.000,0.000,Inf
Tylas,1.000,0.000,0.000,Inf
Tympanuchus,1.000,0.000,0.000,Inf
Tyranneutes,1.000,0.000,0.000,Inf
Upucerthia,1.000,0.000,0.000,Inf
Urocolius,1.000,0.000,0.000,Inf
Urodynamis,1.000,0.000,0.000,Inf
Uropelia,1.000,0.000,0.000,Inf
Urorhipis,1.000,0.000,0.000,Inf
Urosphena,1.000,0.000,0.000,Inf
Urva,1.000,0.000,0.000,Inf
Vermivora,1.000,0.000,0.000,Inf
Vernaya,1.000,0.000,0.000,Inf
Vespertilionidae,1.000,0.000,0.000,Inf
Xanthotis,1.000,0.000,0.000,Inf
Xema,1.000,0.000,0.000,Inf
Xenicus,1.000,0.000,0.000,Inf
Xenopipo,1.000,0.000,0.000,Inf
Xenopirostris,1.000,0.000,0.000,Inf
Xenus,1.000,0.000,0.000,Inf
Xiphocolaptes,1.000,0.000,0.000,Inf
Zenkerella,1.000,0.000,0.000,Inf
Zonotrichia,1.000,0.000,0.000,Inf
Zoothera,1.000,0.000,0.000,Inf
Zygodontomys,1.000,0.000,0.000,Inf
Aonyx,1.000,0.000,0.000,Inf
Saccostomus,1.000,0.000,0.000,Inf
Catamenia,1.000,0.000,0.000,Inf
Pseudasthenes,1.000,0.000,0.000,Inf
Northiella,1.000,0.000,0.000,Inf
Yungipicus,1.000,0.000,0.000,Inf
Balionycteris,1.000,0.000,0.000,Inf
Ceyx,1.000,0.000,0.000,Inf
Sclerurus,1.000,0.000,0.000,Inf
Rhogeessa,1.000,0.000,0.000,Inf
Scolomys,1.000,0.000,0.000,Inf
Catagonus,1.000,0.000,0.000,Inf
Pithecia,1.000,0.000,0.000,Inf
Pachyptila,1.000,0.000,0.000,Inf
Dasykaluta,1.000,0.000,0.000,Inf
Micropteropus,1.000,0.000,0.000,Inf
Locustella,1.000,0.000,0.000,Inf
Serinus,1.000,0.000,0.000,Inf
Callicebinae,1.000,0.000,0.000,Inf
Doryfera,1.000,0.000,0.000,Inf
Dryolimnas,1.000,0.000,0.000,Inf
Haplospiza,1.000,0.000,0.000,Inf
Melanodera,1.000,0.000,0.000,Inf
Oreopholus,1.000,0.000,0.000,Inf
Haringtonhippus,1.000,0.000,0.000,Inf
Mimetillus,1.000,0.000,0.000,Inf
Pseudobulweria,1.000,0.000,0.000,Inf
Smicrornis,1.000,0.000,0.000,Inf
Theristicus,1.000,0.000,0.000,Inf
Amaurolimnas,1.000,0.000,0.000,Inf
Epinecrophylla,1.000,0.000,0.000,Inf
Haplonycteris,1.000,0.000,0.000,Inf
Herpsilochmus,1.000,0.000,0.000,Inf
Lissonycteris,1.000,0.000,0.000,Inf
Pheucticus,1.000,0.000,0.000,Inf
Actitis,1.000,0.000,0.000,Inf
Chiruromys,1.000,0.000,0.000,Inf
Cossypha,1.000,0.000,0.000,Inf
Cranioleuca,1.000,0.000,0.000,Inf
Galagoides,1.000,0.000,0.000,Inf
Geranospiza,1.000,0.000,0.000,Inf
Irania,1.000,0.000,0.000,Inf
Oxymycterus,1.000,0.000,0.000,Inf
Passerina,1.000,0.000,0.000,Inf
Syconycteris,1.000,0.000,0.000,Inf
Atlapetes,1.000,0.000,0.000,Inf
Cephalopachus,1.000,0.000,0.000,Inf
Eugenes,1.000,0.000,0.000,Inf
Frederickena,1.000,0.000,0.000,Inf
Galbula,1.000,0.000,0.000,Inf
Glareola,1.000,0.000,0.000,Inf
Glaucomys,1.000,0.000,0.000,Inf
Gymnobelideus,1.000,0.000,0.000,Inf
Lalage,1.000,0.000,0.000,Inf
Macronyx,1.000,0.000,0.000,Inf
Magumma,1.000,0.000,0.000,Inf
Megaloglossus,1.000,0.000,0.000,Inf
Micaelamys,1.000,0.000,0.000,Inf
Natalus,1.000,0.000,0.000,Inf
Peneothello,1.000,0.000,0.000,Inf
Phaetusa,1.000,0.000,0.000,Inf
Phegornis,1.000,0.000,0.000,Inf
Platygonus,1.000,0.000,0.000,Inf
Sarothrura,1.000,0.000,0.000,Inf
Tachornis,1.000,0.000,0.000,Inf
Thryomanes,1.000,0.000,0.000,Inf
Vultur,1.000,0.000,0.000,Inf
Agriornis,1.000,0.000,0.000,Inf
Anthipes,1.000,0.000,0.000,Inf
Aphanotriccus,1.000,0.000,0.000,Inf
Canirallus,1.000,0.000,0.000,Inf
Charitospiza,1.000,0.000,0.000,Inf
Corapipo,1.000,0.000,0.000,Inf
Cricetomys,1.000,0.000,0.000,Inf
Cuniculus,1.000,0.000,0.000,Inf
Cyanerpes,1.000,0.000,0.000,Inf
Cyttarops,1.000,0.000,0.000,Inf
Dicaeum,1.000,0.000,0.000,Inf
Eremodipus,1.000,0.000,0.000,Inf
Eugerygone,1.000,0.000,0.000,Inf
Goldmania,1.000,0.000,0.000,Inf
Granatellus,1.000,0.000,0.000,Inf
Hylopezus,1.000,0.000,0.000,Inf
Hypsiprymnodon,1.000,0.000,0.000,Inf
Lagurus,1.000,0.000,0.000,Inf
Leptocoma,1.000,0.000,0.000,Inf
Lophornis,1.000,0.000,0.000,Inf
Luscinia,1.000,0.000,0.000,Inf
Melonycteris,1.000,0.000,0.000,Inf
Mesembriomys,1.000,0.000,0.000,Inf
Myoprocta,1.000,0.000,0.000,Inf
Myopus,1.000,0.000,0.000,Inf
Neohylomys,1.000,0.000,0.000,Inf
Neopsephotus,1.000,0.000,0.000,Inf
Otocyon,1.000,0.000,0.000,Inf
Otopteropus,1.000,0.000,0.000,Inf
Passerculus,1.000,0.000,0.000,Inf
Pectinator,1.000,0.000,0.000,Inf
Pogonotriccus,1.000,0.000,0.000,Inf
Pseudochirops,1.000,0.000,0.000,Inf
Ramphocaenus,1.000,0.000,0.000,Inf
Rhagomys,1.000,0.000,0.000,Inf
Rheomys,1.000,0.000,0.000,Inf
Rhinopoma,1.000,0.000,0.000,Inf
Scissirostrum,1.000,0.000,0.000,Inf
Simosthenurus,1.000,0.000,0.000,Inf
Soricidae,1.000,0.000,0.000,Inf
Sotalia,1.000,0.000,0.000,Inf
Todirostrum,1.000,0.000,0.000,Inf
Xolmis,1.000,0.000,0.000,Inf
Abeomelomys,1.000,0.000,0.000,Inf
Acanthiza,1.000,0.000,0.000,Inf
Aeorestes,1.000,0.000,0.000,Inf
Alopecoenas,1.000,0.000,0.000,Inf
Anthocephala,1.000,0.000,0.000,Inf
Apaloderma,1.000,0.000,0.000,Inf
Aramides,1.000,0.000,0.000,Inf
AS.i..21,1.000,0.000,0.000,Inf
AS.i..32,1.000,0.000,0.000,Inf
Augastes,1.000,0.000,0.000,Inf
Auliscomys,1.000,0.000,0.000,Inf
Bartramia,1.000,0.000,0.000,Inf
Bostrychia,1.000,0.000,0.000,Inf
Cacicus,1.000,0.000,0.000,Inf
Calonectris,1.000,0.000,0.000,Inf
Carpococcyx,1.000,0.000,0.000,Inf
Caryothraustes,1.000,0.000,0.000,Inf
Casiornis,1.000,0.000,0.000,Inf
Chalcopsitta,1.000,0.000,0.000,Inf
Chamaea,1.000,0.000,0.000,Inf
Chamaepetes,1.000,0.000,0.000,Inf
Charmosyna,1.000,0.000,0.000,Inf
Chilonatalus,1.000,0.000,0.000,Inf
Chrysuronia,1.000,0.000,0.000,Inf
Clibanornis,1.000,0.000,0.000,Inf
Coryphistera,1.000,0.000,0.000,Inf
Crossarchus,1.000,0.000,0.000,Inf
Curruca,1.000,0.000,0.000,Inf
Delomys,1.000,0.000,0.000,Inf
Diclidurus,1.000,0.000,0.000,Inf
Didunculus,1.000,0.000,0.000,Inf
Diglossa,1.000,0.000,0.000,Inf
Diomedea,1.000,0.000,0.000,Inf
Drymornis,1.000,0.000,0.000,Inf
Elanus,1.000,0.000,0.000,Inf
Enchisthenes,1.000,0.000,0.000,Inf
Erythropitta,1.000,0.000,0.000,Inf
Eubucco,1.000,0.000,0.000,Inf
Eudiscopus,1.000,0.000,0.000,Inf
Fluvicola,1.000,0.000,0.000,Inf
Funisciurus,1.000,0.000,0.000,Inf
Galictis,1.000,0.000,0.000,Inf
Garritornis,1.000,0.000,0.000,Inf
Grallaria,1.000,0.000,0.000,Inf
Gubernatrix,1.000,0.000,0.000,Inf
Guira,1.000,0.000,0.000,Inf
Gymnocichla,1.000,0.000,0.000,Inf
Harpiola,1.000,0.000,0.000,Inf
Heliosciurus,1.000,0.000,0.000,Inf
Heteralocha,1.000,0.000,0.000,Inf
Hierococcyx,1.000,0.000,0.000,Inf
Hsunycteris,1.000,0.000,0.000,Inf
Hydrodamalis,1.000,0.000,0.000,Inf
Hypothymis,1.000,0.000,0.000,Inf
Ibycter,1.000,0.000,0.000,Inf
Ichneumia,1.000,0.000,0.000,Inf
Ictonyx,1.000,0.000,0.000,Inf
Inezia,1.000,0.000,0.000,Inf
Ixoreus,1.000,0.000,0.000,Inf
Jacamerops,1.000,0.000,0.000,Inf
Laephotis,1.000,0.000,0.000,Inf
Lepidopyga,1.000,0.000,0.000,Inf
Leptonycteris,1.000,0.000,0.000,Inf
Lessonia,1.000,0.000,0.000,Inf
Liberiictis,1.000,0.000,0.000,Inf
Lorentzimys,1.000,0.000,0.000,Inf
Loxigilla,1.000,0.000,0.000,Inf
Megarynchus,1.000,0.000,0.000,Inf
Melithreptus,1.000,0.000,0.000,Inf
Monophyllus,1.000,0.000,0.000,Inf
Mosia,1.000,0.000,0.000,Inf
Myiomela,1.000,0.000,0.000,Inf
Myiophobus,1.000,0.000,0.000,Inf
Myiozetetes,1.000,0.000,0.000,Inf
Myrmeciza,1.000,0.000,0.000,Inf
Mystacornis,1.000,0.000,0.000,Inf
Neamblysomus,1.000,0.000,0.000,Inf
Nemosia,1.000,0.000,0.000,Inf
Neocossyphus,1.000,0.000,0.000,Inf
Neocrex,1.000,0.000,0.000,Inf
Neopipo,1.000,0.000,0.000,Inf
Nettapus,1.000,0.000,0.000,Inf
Nothoprocta,1.000,0.000,0.000,Inf
Nothura,1.000,0.000,0.000,Inf
Nyctidromus,1.000,0.000,0.000,Inf
Nyctiphrynus,1.000,0.000,0.000,Inf
Ocyphaps,1.000,0.000,0.000,Inf
Onychorhynchus,1.000,0.000,0.000,Inf
Oreoryzomys,1.000,0.000,0.000,Inf
Orthorhyncus,1.000,0.000,0.000,Inf
Oryzoborus,1.000,0.000,0.000,Inf
Otomys,1.000,0.000,0.000,Inf
Otonyctomys,1.000,0.000,0.000,Inf
Pachycephalopsis,1.000,0.000,0.000,Inf
Paradoxornis,1.000,0.000,0.000,Inf
Paranyctimene,1.000,0.000,0.000,Inf
Passerella,1.000,0.000,0.000,Inf
Perimyotis,1.000,0.000,0.000,Inf
Perissodactyla,1.000,0.000,0.000,Inf
Phainoptila,1.000,0.000,0.000,Inf
Phalacrocoracidae,1.000,0.000,0.000,Inf
Phalcoboenus,1.000,0.000,0.000,Inf
Philohydor,1.000,0.000,0.000,Inf
Philydor,1.000,0.000,0.000,Inf
Phocoenoides,1.000,0.000,0.000,Inf
Phylidonyris,1.000,0.000,0.000,Inf
Phyllergates,1.000,0.000,0.000,Inf
Phylloderma,1.000,0.000,0.000,Inf
Pipilo,1.000,0.000,0.000,Inf
Pipraeidea,1.000,0.000,0.000,Inf
Plegadis,1.000,0.000,0.000,Inf
Podicipediformes,1.000,0.000,0.000,Inf
Porphyriops,1.000,0.000,0.000,Inf
Psarocolius,1.000,0.000,0.000,Inf
Pseudastur,1.000,0.000,0.000,Inf
Pseudocolopteryx,1.000,0.000,0.000,Inf
Psittirostra,1.000,0.000,0.000,Inf
Pteroptochos,1.000,0.000,0.000,Inf
Pyriglena,1.000,0.000,0.000,Inf
Raphus,1.000,0.000,0.000,Inf
Rhinoptilus,1.000,0.000,0.000,Inf
Rhyticeros,1.000,0.000,0.000,Inf
Rhytipterna,1.000,0.000,0.000,Inf
Rissa,1.000,0.000,0.000,Inf
Rupornis,1.000,0.000,0.000,Inf
Saccolaimus,1.000,0.000,0.000,Inf
Sappho,1.000,0.000,0.000,Inf
Scotomanes,1.000,0.000,0.000,Inf
Steno,1.000,0.000,0.000,Inf
Sylvilagus,1.000,0.000,0.000,Inf
Syma,1.000,0.000,0.000,Inf
Syrigma,1.000,0.000,0.000,Inf
Tapecomys,1.000,0.000,0.000,Inf
Tapera,1.000,0.000,0.000,Inf
Tatera,1.000,0.000,0.000,Inf
Tayassu,1.000,0.000,0.000,Inf
Thamnolaea,1.000,0.000,0.000,Inf
Thamnophilidae,1.000,0.000,0.000,Inf
Threnetes,1.000,0.000,0.000,Inf
Tityra,1.000,0.000,0.000,Inf
Trinycteris,1.000,0.000,0.000,Inf
Trochilus,1.000,0.000,0.000,Inf
Uromys,1.000,0.000,0.000,Inf
Urosticte,1.000,0.000,0.000,Inf
Xerus,1.000,0.000,0.000,Inf
Zygogeomys,1.000,0.000,0.000,Inf
